[
  {
    "image": "04eee9b2-IMG_3206.JPEG",
    "class_id": 0,
    "class_name": "Parafuso",
    "confidence": 0.9528886079788208,
    "cx_px": 638.1276245117188,
    "cy_px": 843.7574462890625,
    "w_mm": 38.61,
    "h_mm": 17.0,
    "short_mm": 17.0,
    "long_mm": 38.61,
    "angle_deg": 0.09,
    "box_index": 0,
    "size_label": "SHORTEST"
  },
  {
    "image": "04eee9b2-IMG_3206.JPEG",
    "class_id": 0,
    "class_name": "Parafuso",
    "confidence": 0.9435423016548157,
    "cx_px": 666.722412109375,
    "cy_px": 1240.5152587890625,
    "w_mm": 56.39,
    "h_mm": 17.77,
    "short_mm": 17.77,
    "long_mm": 56.39,
    "angle_deg": 0.2,
    "box_index": 1,
    "size_label": "LONGEST"
  },
  {
    "image": "0ba11135-IMG_3264.JPEG",
    "class_id": 0,
    "class_name": "Parafuso",
    "confidence": 0.9361009001731873,
    "cx_px": 1011.6791381835938,
    "cy_px": 132.3517303466797,
    "w_mm": 18.35,
    "h_mm": 42.89,
    "short_mm": 18.35,
    "long_mm": 42.89,
    "angle_deg": 1.09,
    "box_index": 0,
    "size_label": "SHORTEST"
  },
  {
    "image": "0ba11135-IMG_3264.JPEG",
    "class_id": 0,
    "class_name": "Parafuso",
    "confidence": 0.882924497127533,
    "cx_px": 888.9970092773438,
    "cy_px": 429.9541015625,
    "w_mm": 74.03,
    "h_mm": 23.75,
    "short_mm": 23.75,
    "long_mm": 74.03,
    "angle_deg": 0.0,
    "box_index": 1,
    "size_label": "LONGEST"
  },
  {
    "image": "0bc4a5dd-IMG_3404.JPEG",
    "class_id": 1,
    "class_name": "Porca",
    "confidence": 0.9687254428863525,
    "cx_px": 455.6198425292969,
    "cy_px": 776.8551635742188,
    "w_mm": 15.62,
    "h_mm": 14.76,
    "short_mm": 14.76,
    "long_mm": 15.62,
    "angle_deg": 0.01,
    "box_index": 0
  },
  {
    "image": "0bc4a5dd-IMG_3404.JPEG",
    "class_id": 1,
    "class_name": "Porca",
    "confidence": 0.9633893966674805,
    "cx_px": 1436.691162109375,
    "cy_px": 697.7673950195312,
    "w_mm": 18.39,
    "h_mm": 16.94,
    "short_mm": 16.94,
    "long_mm": 18.39,
    "angle_deg": 0.01,
    "box_index": 1
  },
  {
    "image": "0bc4a5dd-IMG_3404.JPEG",
    "class_id": 0,
    "class_name": "Parafuso",
    "confidence": 0.9388905763626099,
    "cx_px": 741.0199584960938,
    "cy_px": 731.3585205078125,
    "w_mm": 47.19,
    "h_mm": 16.92,
    "short_mm": 16.92,
    "long_mm": 47.19,
    "angle_deg": 1.45,
    "box_index": 2,
    "size_label": "LONGEST"
  },
  {
    "image": "0bc4a5dd-IMG_3404.JPEG",
    "class_id": 0,
    "class_name": "Parafuso",
    "confidence": 0.9387360215187073,
    "cx_px": 1017.8287963867188,
    "cy_px": 700.1027221679688,
    "w_mm": 35.42,
    "h_mm": 17.26,
    "short_mm": 17.26,
    "long_mm": 35.42,
    "angle_deg": 1.57,
    "box_index": 3,
    "size_label": "SHORTEST"
  },
  {
    "image": "0cdc4eb5-IMG_3315.JPEG",
    "class_id": 1,
    "class_name": "Porca",
    "confidence": 0.9553187489509583,
    "cx_px": 663.9300537109375,
    "cy_px": 1401.5140380859375,
    "w_mm": 22.99,
    "h_mm": 23.05,
    "short_mm": 22.99,
    "long_mm": 23.05,
    "angle_deg": 1.56,
    "box_index": 0
  },
  {
    "image": "0cdc4eb5-IMG_3315.JPEG",
    "class_id": 1,
    "class_name": "Porca",
    "confidence": 0.9520046710968018,
    "cx_px": 818.2691040039062,
    "cy_px": 523.8370361328125,
    "w_mm": 17.34,
    "h_mm": 18.17,
    "short_mm": 17.34,
    "long_mm": 18.17,
    "angle_deg": 0.02,
    "box_index": 1
  },
  {
    "image": "0cdc4eb5-IMG_3315.JPEG",
    "class_id": 0,
    "class_name": "Parafuso",
    "confidence": 0.9395606517791748,
    "cx_px": 1050.194091796875,
    "cy_px": 977.3031616210938,
    "w_mm": 54.62,
    "h_mm": 19.79,
    "short_mm": 19.79,
    "long_mm": 54.62,
    "angle_deg": 1.07,
    "box_index": 2,
    "size_label": "LONGEST"
  },
  {
    "image": "0cdc4eb5-IMG_3315.JPEG",
    "class_id": 0,
    "class_name": "Parafuso",
    "confidence": 0.9251344799995422,
    "cx_px": 506.89825439453125,
    "cy_px": 848.2205200195312,
    "w_mm": 25.02,
    "h_mm": 41.5,
    "short_mm": 25.02,
    "long_mm": 41.5,
    "angle_deg": 0.8,
    "box_index": 3,
    "size_label": "SHORTEST"
  },
  {
    "image": "0de6f8ec-IMG_3341.JPEG",
    "class_id": 1,
    "class_name": "Porca",
    "confidence": 0.937872588634491,
    "cx_px": 1114.632080078125,
    "cy_px": 299.26177978515625,
    "w_mm": 24.28,
    "h_mm": 20.23,
    "short_mm": 20.23,
    "long_mm": 24.28,
    "angle_deg": 0.02,
    "box_index": 0
  },
  {
    "image": "0de6f8ec-IMG_3341.JPEG",
    "class_id": 0,
    "class_name": "Parafuso",
    "confidence": 0.9287545680999756,
    "cx_px": 649.48095703125,
    "cy_px": 462.51806640625,
    "w_mm": 28.83,
    "h_mm": 57.14,
    "short_mm": 28.83,
    "long_mm": 57.14,
    "angle_deg": 1.1,
    "box_index": 1,
    "size_label": "SHORTEST"
  },
  {
    "image": "0de6f8ec-IMG_3341.JPEG",
    "class_id": 1,
    "class_name": "Porca",
    "confidence": 0.9212895035743713,
    "cx_px": 465.9398498535156,
    "cy_px": 982.5089721679688,
    "w_mm": 39.96,
    "h_mm": 30.15,
    "short_mm": 30.15,
    "long_mm": 39.96,
    "angle_deg": 0.02,
    "box_index": 2
  },
  {
    "image": "0de6f8ec-IMG_3341.JPEG",
    "class_id": 0,
    "class_name": "Parafuso",
    "confidence": 0.8732870221138,
    "cx_px": 1253.9029541015625,
    "cy_px": 841.9674682617188,
    "w_mm": 29.66,
    "h_mm": 105.21,
    "short_mm": 29.66,
    "long_mm": 105.21,
    "angle_deg": 1.56,
    "box_index": 3,
    "size_label": "LONGEST"
  },
  {
    "image": "0ee18d0b-IMG_3298.JPEG",
    "class_id": 1,
    "class_name": "Porca",
    "confidence": 0.9499004483222961,
    "cx_px": 1170.135498046875,
    "cy_px": 76.49227905273438,
    "w_mm": 16.41,
    "h_mm": 13.74,
    "short_mm": 13.74,
    "long_mm": 16.41,
    "angle_deg": 0.0,
    "box_index": 0
  },
  {
    "image": "0ee18d0b-IMG_3298.JPEG",
    "class_id": 1,
    "class_name": "Porca",
    "confidence": 0.946117103099823,
    "cx_px": 1041.53857421875,
    "cy_px": 349.47515869140625,
    "w_mm": 18.75,
    "h_mm": 21.47,
    "short_mm": 18.75,
    "long_mm": 21.47,
    "angle_deg": 0.01,
    "box_index": 1
  },
  {
    "image": "0ee18d0b-IMG_3298.JPEG",
    "class_id": 0,
    "class_name": "Parafuso",
    "confidence": 0.9336722493171692,
    "cx_px": 793.7717895507812,
    "cy_px": 138.89208984375,
    "w_mm": 16.82,
    "h_mm": 29.09,
    "short_mm": 16.82,
    "long_mm": 29.09,
    "angle_deg": 0.36,
    "box_index": 2,
    "size_label": "SHORTEST"
  },
  {
    "image": "0ee18d0b-IMG_3298.JPEG",
    "class_id": 0,
    "class_name": "Parafuso",
    "confidence": 0.9241300225257874,
    "cx_px": 1578.495361328125,
    "cy_px": 157.59805297851562,
    "w_mm": 17.73,
    "h_mm": 53.26,
    "short_mm": 17.73,
    "long_mm": 53.26,
    "angle_deg": 0.79,
    "box_index": 3,
    "size_label": "LONGEST"
  },
  {
    "image": "0f4228a2-IMG_3442.JPEG",
    "class_id": 1,
    "class_name": "Porca",
    "confidence": 0.9597263336181641,
    "cx_px": 1249.704833984375,
    "cy_px": 1152.428466796875,
    "w_mm": 19.13,
    "h_mm": 19.48,
    "short_mm": 19.13,
    "long_mm": 19.48,
    "angle_deg": 0.01,
    "box_index": 0
  },
  {
    "image": "0f4228a2-IMG_3442.JPEG",
    "class_id": 1,
    "class_name": "Porca",
    "confidence": 0.9594424962997437,
    "cx_px": 822.1647338867188,
    "cy_px": 724.74755859375,
    "w_mm": 17.38,
    "h_mm": 15.42,
    "short_mm": 15.42,
    "long_mm": 17.38,
    "angle_deg": 0.01,
    "box_index": 1
  },
  {
    "image": "0f4228a2-IMG_3442.JPEG",
    "class_id": 0,
    "class_name": "Parafuso",
    "confidence": 0.9403776526451111,
    "cx_px": 514.9401245117188,
    "cy_px": 554.5648803710938,
    "w_mm": 15.29,
    "h_mm": 43.43,
    "short_mm": 15.29,
    "long_mm": 43.43,
    "angle_deg": 0.08,
    "box_index": 2,
    "size_label": "LONGEST"
  },
  {
    "image": "0f4228a2-IMG_3442.JPEG",
    "class_id": 0,
    "class_name": "Parafuso",
    "confidence": 0.9200785160064697,
    "cx_px": 932.9069213867188,
    "cy_px": 469.2099609375,
    "w_mm": 14.22,
    "h_mm": 29.9,
    "short_mm": 14.22,
    "long_mm": 29.9,
    "angle_deg": 1.09,
    "box_index": 3,
    "size_label": "SHORTEST"
  },
  {
    "image": "1a2bcb0a-IMG_3348.JPEG",
    "class_id": 1,
    "class_name": "Porca",
    "confidence": 0.9547796249389648,
    "cx_px": 563.8007202148438,
    "cy_px": 980.7335205078125,
    "w_mm": 16.68,
    "h_mm": 16.9,
    "short_mm": 16.68,
    "long_mm": 16.9,
    "angle_deg": 0.02,
    "box_index": 0
  },
  {
    "image": "1a2bcb0a-IMG_3348.JPEG",
    "class_id": 1,
    "class_name": "Porca",
    "confidence": 0.9531735777854919,
    "cx_px": 748.7332763671875,
    "cy_px": 571.5057373046875,
    "w_mm": 16.91,
    "h_mm": 15.71,
    "short_mm": 15.71,
    "long_mm": 16.91,
    "angle_deg": 0.0,
    "box_index": 1
  },
  {
    "image": "1a2bcb0a-IMG_3348.JPEG",
    "class_id": 0,
    "class_name": "Parafuso",
    "confidence": 0.9403973817825317,
    "cx_px": 441.5994567871094,
    "cy_px": 696.7863159179688,
    "w_mm": 15.97,
    "h_mm": 35.46,
    "short_mm": 15.97,
    "long_mm": 35.46,
    "angle_deg": 1.06,
    "box_index": 2,
    "size_label": "SHORTEST"
  },
  {
    "image": "1a2bcb0a-IMG_3348.JPEG",
    "class_id": 0,
    "class_name": "Parafuso",
    "confidence": 0.9375864267349243,
    "cx_px": 605.246337890625,
    "cy_px": 1468.5093994140625,
    "w_mm": 56.51,
    "h_mm": 21.07,
    "short_mm": 21.07,
    "long_mm": 56.51,
    "angle_deg": 0.7,
    "box_index": 3,
    "size_label": "LONGEST"
  },
  {
    "image": "1c2c8f19-IMG_3271.JPEG",
    "class_id": 1,
    "class_name": "Porca",
    "confidence": 0.962921679019928,
    "cx_px": 856.5103759765625,
    "cy_px": 596.251953125,
    "w_mm": 26.6,
    "h_mm": 24.98,
    "short_mm": 24.98,
    "long_mm": 26.6,
    "angle_deg": 0.02,
    "box_index": 0
  },
  {
    "image": "1c2c8f19-IMG_3271.JPEG",
    "class_id": 1,
    "class_name": "Porca",
    "confidence": 0.9627120494842529,
    "cx_px": 1451.6541748046875,
    "cy_px": 576.2444458007812,
    "w_mm": 25.25,
    "h_mm": 24.0,
    "short_mm": 24.0,
    "long_mm": 25.25,
    "angle_deg": 0.01,
    "box_index": 1
  },
  {
    "image": "1ca36804-IMG_2992.JPEG",
    "class_id": 1,
    "class_name": "Porca",
    "confidence": 0.9333328604698181,
    "cx_px": 1091.5509033203125,
    "cy_px": 475.9848327636719,
    "w_mm": 13.39,
    "h_mm": 12.24,
    "short_mm": 12.24,
    "long_mm": 13.39,
    "angle_deg": 0.02,
    "box_index": 0
  },
  {
    "image": "1ca36804-IMG_2992.JPEG",
    "class_id": 0,
    "class_name": "Parafuso",
    "confidence": 0.9317922592163086,
    "cx_px": 1354.517822265625,
    "cy_px": 579.302734375,
    "w_mm": 35.74,
    "h_mm": 16.34,
    "short_mm": 16.34,
    "long_mm": 35.74,
    "angle_deg": 0.89,
    "box_index": 1,
    "size_label": "IN-BETWEEN"
  },
  {
    "image": "1ca36804-IMG_2992.JPEG",
    "class_id": 1,
    "class_name": "Porca",
    "confidence": 0.9288966059684753,
    "cx_px": 1326.71923828125,
    "cy_px": 210.0810546875,
    "w_mm": 12.55,
    "h_mm": 13.09,
    "short_mm": 12.55,
    "long_mm": 13.09,
    "angle_deg": 0.0,
    "box_index": 2
  },
  {
    "image": "1ca36804-IMG_2992.JPEG",
    "class_id": 1,
    "class_name": "Porca",
    "confidence": 0.9286068677902222,
    "cx_px": 1217.5435791015625,
    "cy_px": 679.4522094726562,
    "w_mm": 18.71,
    "h_mm": 16.93,
    "short_mm": 16.93,
    "long_mm": 18.71,
    "angle_deg": 0.02,
    "box_index": 3
  },
  {
    "image": "1ca36804-IMG_2992.JPEG",
    "class_id": 0,
    "class_name": "Parafuso",
    "confidence": 0.9281659722328186,
    "cx_px": 904.1044921875,
    "cy_px": 458.59161376953125,
    "w_mm": 16.31,
    "h_mm": 45.89,
    "short_mm": 16.31,
    "long_mm": 45.89,
    "angle_deg": 1.15,
    "box_index": 4,
    "size_label": "LONGEST"
  },
  {
    "image": "1ca36804-IMG_2992.JPEG",
    "class_id": 0,
    "class_name": "Parafuso",
    "confidence": 0.9228814244270325,
    "cx_px": 728.1713256835938,
    "cy_px": 372.9709167480469,
    "w_mm": 42.35,
    "h_mm": 12.64,
    "short_mm": 12.64,
    "long_mm": 42.35,
    "angle_deg": 0.1,
    "box_index": 5,
    "size_label": "IN-BETWEEN"
  },
  {
    "image": "1ca36804-IMG_2992.JPEG",
    "class_id": 1,
    "class_name": "Porca",
    "confidence": 0.9213810563087463,
    "cx_px": 263.2599182128906,
    "cy_px": 394.6388244628906,
    "w_mm": 13.72,
    "h_mm": 18.66,
    "short_mm": 13.72,
    "long_mm": 18.66,
    "angle_deg": 1.56,
    "box_index": 6
  },
  {
    "image": "1ca36804-IMG_2992.JPEG",
    "class_id": 1,
    "class_name": "Porca",
    "confidence": 0.910919725894928,
    "cx_px": 1567.1600341796875,
    "cy_px": 588.0070190429688,
    "w_mm": 16.29,
    "h_mm": 24.25,
    "short_mm": 16.29,
    "long_mm": 24.25,
    "angle_deg": 0.01,
    "box_index": 7
  },
  {
    "image": "1ca36804-IMG_2992.JPEG",
    "class_id": 0,
    "class_name": "Parafuso",
    "confidence": 0.8984576463699341,
    "cx_px": 956.3222045898438,
    "cy_px": 141.78970336914062,
    "w_mm": 28.37,
    "h_mm": 18.18,
    "short_mm": 18.18,
    "long_mm": 28.37,
    "angle_deg": 0.06,
    "box_index": 8,
    "size_label": "SHORTEST"
  },
  {
    "image": "1cc2ffa5-IMG_2980.JPEG",
    "class_id": 1,
    "class_name": "Porca",
    "confidence": 0.9551182985305786,
    "cx_px": 1348.9124755859375,
    "cy_px": 994.6209106445312,
    "w_mm": 22.1,
    "h_mm": 22.82,
    "short_mm": 22.1,
    "long_mm": 22.82,
    "angle_deg": 0.0,
    "box_index": 0
  },
  {
    "image": "1cc2ffa5-IMG_2980.JPEG",
    "class_id": 1,
    "class_name": "Porca",
    "confidence": 0.9534434676170349,
    "cx_px": 578.7130126953125,
    "cy_px": 458.91015625,
    "w_mm": 22.37,
    "h_mm": 22.75,
    "short_mm": 22.37,
    "long_mm": 22.75,
    "angle_deg": 0.01,
    "box_index": 1
  },
  {
    "image": "1cc2ffa5-IMG_2980.JPEG",
    "class_id": 0,
    "class_name": "Parafuso",
    "confidence": 0.9460527300834656,
    "cx_px": 1070.9859619140625,
    "cy_px": 216.37522888183594,
    "w_mm": 21.71,
    "h_mm": 44.65,
    "short_mm": 21.71,
    "long_mm": 44.65,
    "angle_deg": 0.07,
    "box_index": 2,
    "size_label": "SHORTEST"
  },
  {
    "image": "1cc2ffa5-IMG_2980.JPEG",
    "class_id": 0,
    "class_name": "Parafuso",
    "confidence": 0.936895489692688,
    "cx_px": 428.6103515625,
    "cy_px": 1109.641845703125,
    "w_mm": 71.05,
    "h_mm": 20.3,
    "short_mm": 20.3,
    "long_mm": 71.05,
    "angle_deg": 0.37,
    "box_index": 3,
    "size_label": "LONGEST"
  },
  {
    "image": "1cc2ffa5-IMG_2980.JPEG",
    "class_id": 1,
    "class_name": "Porca",
    "confidence": 0.9335821270942688,
    "cx_px": 1358.8134765625,
    "cy_px": 469.74609375,
    "w_mm": 26.21,
    "h_mm": 22.14,
    "short_mm": 22.14,
    "long_mm": 26.21,
    "angle_deg": 0.01,
    "box_index": 4
  },
  {
    "image": "1cc2ffa5-IMG_2980.JPEG",
    "class_id": 1,
    "class_name": "Porca",
    "confidence": 0.9261825680732727,
    "cx_px": 629.9972534179688,
    "cy_px": 1392.3798828125,
    "w_mm": 25.36,
    "h_mm": 21.56,
    "short_mm": 21.56,
    "long_mm": 25.36,
    "angle_deg": 0.01,
    "box_index": 5
  },
  {
    "image": "1cc2ffa5-IMG_2980.JPEG",
    "class_id": 0,
    "class_name": "Parafuso",
    "confidence": 0.9183679819107056,
    "cx_px": 577.631103515625,
    "cy_px": 745.0642700195312,
    "w_mm": 21.31,
    "h_mm": 67.79,
    "short_mm": 21.31,
    "long_mm": 67.79,
    "angle_deg": 1.35,
    "box_index": 6,
    "size_label": "IN-BETWEEN"
  },
  {
    "image": "1cc2ffa5-IMG_2980.JPEG",
    "class_id": 0,
    "class_name": "Parafuso",
    "confidence": 0.8982880115509033,
    "cx_px": 1207.2388916015625,
    "cy_px": 1135.1224365234375,
    "w_mm": 67.19,
    "h_mm": 19.61,
    "short_mm": 19.61,
    "long_mm": 67.19,
    "angle_deg": 1.18,
    "box_index": 7,
    "size_label": "IN-BETWEEN"
  },
  {
    "image": "1d18dc87-IMG_3323.JPEG",
    "class_id": 1,
    "class_name": "Porca",
    "confidence": 0.9579604864120483,
    "cx_px": 520.8145751953125,
    "cy_px": 1681.8128662109375,
    "w_mm": 25.82,
    "h_mm": 25.79,
    "short_mm": 25.79,
    "long_mm": 25.82,
    "angle_deg": 0.01,
    "box_index": 0
  },
  {
    "image": "1d18dc87-IMG_3323.JPEG",
    "class_id": 1,
    "class_name": "Porca",
    "confidence": 0.9570233225822449,
    "cx_px": 1106.816650390625,
    "cy_px": 549.6322631835938,
    "w_mm": 26.11,
    "h_mm": 25.18,
    "short_mm": 25.18,
    "long_mm": 26.11,
    "angle_deg": 0.02,
    "box_index": 1
  },
  {
    "image": "1d18dc87-IMG_3323.JPEG",
    "class_id": 0,
    "class_name": "Parafuso",
    "confidence": 0.9306676983833313,
    "cx_px": 1146.0916748046875,
    "cy_px": 1141.7215576171875,
    "w_mm": 22.39,
    "h_mm": 52.13,
    "short_mm": 22.39,
    "long_mm": 52.13,
    "angle_deg": 1.04,
    "box_index": 2,
    "size_label": "SHORTEST"
  },
  {
    "image": "1d18dc87-IMG_3323.JPEG",
    "class_id": 0,
    "class_name": "Parafuso",
    "confidence": 0.8813738822937012,
    "cx_px": 340.60626220703125,
    "cy_px": 952.2560424804688,
    "w_mm": 89.2,
    "h_mm": 30.09,
    "short_mm": 30.09,
    "long_mm": 89.2,
    "angle_deg": 1.33,
    "box_index": 3,
    "size_label": "LONGEST"
  },
  {
    "image": "1ef21198-IMG_3486.JPEG",
    "class_id": 1,
    "class_name": "Porca",
    "confidence": 0.950973629951477,
    "cx_px": 857.2858276367188,
    "cy_px": 1057.87158203125,
    "w_mm": 15.86,
    "h_mm": 16.58,
    "short_mm": 15.86,
    "long_mm": 16.58,
    "angle_deg": 0.02,
    "box_index": 0
  },
  {
    "image": "1ef21198-IMG_3486.JPEG",
    "class_id": 1,
    "class_name": "Porca",
    "confidence": 0.9282145500183105,
    "cx_px": 450.83233642578125,
    "cy_px": 1022.5139770507812,
    "w_mm": 10.85,
    "h_mm": 12.33,
    "short_mm": 10.85,
    "long_mm": 12.33,
    "angle_deg": 0.0,
    "box_index": 1
  },
  {
    "image": "1ef21198-IMG_3486.JPEG",
    "class_id": 0,
    "class_name": "Parafuso",
    "confidence": 0.9253114461898804,
    "cx_px": 1102.6868896484375,
    "cy_px": 1038.518798828125,
    "w_mm": 57.64,
    "h_mm": 17.42,
    "short_mm": 17.42,
    "long_mm": 57.64,
    "angle_deg": 1.42,
    "box_index": 2,
    "size_label": "LONGEST"
  },
  {
    "image": "1ef21198-IMG_3486.JPEG",
    "class_id": 0,
    "class_name": "Parafuso",
    "confidence": 0.9251927733421326,
    "cx_px": 571.9376831054688,
    "cy_px": 1026.59765625,
    "w_mm": 11.74,
    "h_mm": 31.3,
    "short_mm": 11.74,
    "long_mm": 31.3,
    "angle_deg": 0.04,
    "box_index": 3,
    "size_label": "SHORTEST"
  },
  {
    "image": "1ef4ab6a-IMG_3338.JPEG",
    "class_id": 1,
    "class_name": "Porca",
    "confidence": 0.9622457027435303,
    "cx_px": 1016.7029418945312,
    "cy_px": 934.3511962890625,
    "w_mm": 28.69,
    "h_mm": 29.12,
    "short_mm": 28.69,
    "long_mm": 29.12,
    "angle_deg": 1.56,
    "box_index": 0
  },
  {
    "image": "1ef4ab6a-IMG_3338.JPEG",
    "class_id": 1,
    "class_name": "Porca",
    "confidence": 0.9564340710639954,
    "cx_px": 1269.75,
    "cy_px": 237.6017303466797,
    "w_mm": 20.36,
    "h_mm": 20.36,
    "short_mm": 20.36,
    "long_mm": 20.36,
    "angle_deg": 0.01,
    "box_index": 1
  },
  {
    "image": "1ef4ab6a-IMG_3338.JPEG",
    "class_id": 0,
    "class_name": "Parafuso",
    "confidence": 0.9400455951690674,
    "cx_px": 1374.3902587890625,
    "cy_px": 623.6980590820312,
    "w_mm": 25.27,
    "h_mm": 50.22,
    "short_mm": 25.27,
    "long_mm": 50.22,
    "angle_deg": 0.51,
    "box_index": 2,
    "size_label": "SHORTEST"
  },
  {
    "image": "1ef4ab6a-IMG_3338.JPEG",
    "class_id": 0,
    "class_name": "Parafuso",
    "confidence": 0.9314868450164795,
    "cx_px": 786.6525268554688,
    "cy_px": 289.74456787109375,
    "w_mm": 75.16,
    "h_mm": 25.06,
    "short_mm": 25.06,
    "long_mm": 75.16,
    "angle_deg": 0.14,
    "box_index": 3,
    "size_label": "LONGEST"
  },
  {
    "image": "2b1703ec-IMG_3481.JPEG",
    "class_id": 1,
    "class_name": "Porca",
    "confidence": 0.9595420360565186,
    "cx_px": 1260.370361328125,
    "cy_px": 704.1859741210938,
    "w_mm": 19.56,
    "h_mm": 17.89,
    "short_mm": 17.89,
    "long_mm": 19.56,
    "angle_deg": 0.02,
    "box_index": 0
  },
  {
    "image": "2b1703ec-IMG_3481.JPEG",
    "class_id": 1,
    "class_name": "Porca",
    "confidence": 0.9580619931221008,
    "cx_px": 560.7565307617188,
    "cy_px": 601.3922729492188,
    "w_mm": 17.91,
    "h_mm": 15.97,
    "short_mm": 15.97,
    "long_mm": 17.91,
    "angle_deg": 0.0,
    "box_index": 1
  },
  {
    "image": "2b1703ec-IMG_3481.JPEG",
    "class_id": 0,
    "class_name": "Parafuso",
    "confidence": 0.9472337365150452,
    "cx_px": 834.1663208007812,
    "cy_px": 607.3146362304688,
    "w_mm": 16.91,
    "h_mm": 38.55,
    "short_mm": 16.91,
    "long_mm": 38.55,
    "angle_deg": 0.17,
    "box_index": 2,
    "size_label": "SHORTEST"
  },
  {
    "image": "2b1703ec-IMG_3481.JPEG",
    "class_id": 0,
    "class_name": "Parafuso",
    "confidence": 0.9285890460014343,
    "cx_px": 1618.1600341796875,
    "cy_px": 718.9347534179688,
    "w_mm": 59.27,
    "h_mm": 18.16,
    "short_mm": 18.16,
    "long_mm": 59.27,
    "angle_deg": 1.22,
    "box_index": 3,
    "size_label": "LONGEST"
  },
  {
    "image": "2c1cbdb1-IMG_3457.JPEG",
    "class_id": 1,
    "class_name": "Porca",
    "confidence": 0.957005500793457,
    "cx_px": 1066.71826171875,
    "cy_px": 605.43505859375,
    "w_mm": 25.0,
    "h_mm": 22.93,
    "short_mm": 22.93,
    "long_mm": 25.0,
    "angle_deg": 0.02,
    "box_index": 0
  },
  {
    "image": "2c1cbdb1-IMG_3457.JPEG",
    "class_id": 0,
    "class_name": "Parafuso",
    "confidence": 0.8846886157989502,
    "cx_px": 1069.557861328125,
    "cy_px": 274.2904968261719,
    "w_mm": 24.7,
    "h_mm": 65.24,
    "short_mm": 24.7,
    "long_mm": 65.24,
    "angle_deg": 1.57,
    "box_index": 1,
    "size_label": "ONLY"
  },
  {
    "image": "2c41bc80-IMG_3405.JPEG",
    "class_id": 1,
    "class_name": "Porca",
    "confidence": 0.9607870578765869,
    "cx_px": 1498.6463623046875,
    "cy_px": 757.3380126953125,
    "w_mm": 18.86,
    "h_mm": 17.66,
    "short_mm": 17.66,
    "long_mm": 18.86,
    "angle_deg": 0.01,
    "box_index": 0
  },
  {
    "image": "2c41bc80-IMG_3405.JPEG",
    "class_id": 1,
    "class_name": "Porca",
    "confidence": 0.9574570655822754,
    "cx_px": 452.1634216308594,
    "cy_px": 837.0368041992188,
    "w_mm": 16.93,
    "h_mm": 16.19,
    "short_mm": 16.19,
    "long_mm": 16.93,
    "angle_deg": 0.02,
    "box_index": 1
  },
  {
    "image": "2c41bc80-IMG_3405.JPEG",
    "class_id": 0,
    "class_name": "Parafuso",
    "confidence": 0.937807559967041,
    "cx_px": 1066.638427734375,
    "cy_px": 750.5879516601562,
    "w_mm": 38.22,
    "h_mm": 18.03,
    "short_mm": 18.03,
    "long_mm": 38.22,
    "angle_deg": 1.57,
    "box_index": 2,
    "size_label": "SHORTEST"
  },
  {
    "image": "2c41bc80-IMG_3405.JPEG",
    "class_id": 0,
    "class_name": "Parafuso",
    "confidence": 0.9354584813117981,
    "cx_px": 773.2792358398438,
    "cy_px": 781.1426391601562,
    "w_mm": 52.07,
    "h_mm": 17.8,
    "short_mm": 17.8,
    "long_mm": 52.07,
    "angle_deg": 1.52,
    "box_index": 3,
    "size_label": "LONGEST"
  },
  {
    "image": "2dbd775b-IMG_3415.JPEG",
    "class_id": 0,
    "class_name": "Parafuso",
    "confidence": 0.9335885643959045,
    "cx_px": 638.7635498046875,
    "cy_px": 933.5359497070312,
    "w_mm": 18.37,
    "h_mm": 42.4,
    "short_mm": 18.37,
    "long_mm": 42.4,
    "angle_deg": 1.49,
    "box_index": 0,
    "size_label": "LONGEST"
  },
  {
    "image": "2dbd775b-IMG_3415.JPEG",
    "class_id": 0,
    "class_name": "Parafuso",
    "confidence": 0.9293760061264038,
    "cx_px": 714.5118408203125,
    "cy_px": 1315.5577392578125,
    "w_mm": 31.79,
    "h_mm": 16.68,
    "short_mm": 16.68,
    "long_mm": 31.79,
    "angle_deg": 0.01,
    "box_index": 1,
    "size_label": "SHORTEST"
  },
  {
    "image": "2dd2c2e0-IMG_3208.JPEG",
    "class_id": 0,
    "class_name": "Parafuso",
    "confidence": 0.9420241117477417,
    "cx_px": 1141.35986328125,
    "cy_px": 935.23779296875,
    "w_mm": 78.41,
    "h_mm": 23.37,
    "short_mm": 23.37,
    "long_mm": 78.41,
    "angle_deg": 0.08,
    "box_index": 0,
    "size_label": "LONGEST"
  },
  {
    "image": "2dd2c2e0-IMG_3208.JPEG",
    "class_id": 0,
    "class_name": "Parafuso",
    "confidence": 0.926286518573761,
    "cx_px": 1051.31005859375,
    "cy_px": 558.4541625976562,
    "w_mm": 44.47,
    "h_mm": 18.94,
    "short_mm": 18.94,
    "long_mm": 44.47,
    "angle_deg": 0.0,
    "box_index": 1,
    "size_label": "SHORTEST"
  },
  {
    "image": "2ede817e-IMG_3448.JPEG",
    "class_id": 0,
    "class_name": "Parafuso",
    "confidence": 0.9446839094161987,
    "cx_px": 893.9971923828125,
    "cy_px": 879.7616577148438,
    "w_mm": 14.49,
    "h_mm": 33.51,
    "short_mm": 14.49,
    "long_mm": 33.51,
    "angle_deg": 0.2,
    "box_index": 0,
    "size_label": "SHORTEST"
  },
  {
    "image": "2ede817e-IMG_3448.JPEG",
    "class_id": 0,
    "class_name": "Parafuso",
    "confidence": 0.9342893958091736,
    "cx_px": 569.09765625,
    "cy_px": 882.2100830078125,
    "w_mm": 13.84,
    "h_mm": 47.13,
    "short_mm": 13.84,
    "long_mm": 47.13,
    "angle_deg": 0.33,
    "box_index": 1,
    "size_label": "LONGEST"
  },
  {
    "image": "2eeb259f-IMG_3425.JPEG",
    "class_id": 1,
    "class_name": "Porca",
    "confidence": 0.9509061574935913,
    "cx_px": 962.4352416992188,
    "cy_px": 1090.500244140625,
    "w_mm": 22.64,
    "h_mm": 20.61,
    "short_mm": 20.61,
    "long_mm": 22.64,
    "angle_deg": 0.01,
    "box_index": 0
  },
  {
    "image": "2eeb259f-IMG_3425.JPEG",
    "class_id": 0,
    "class_name": "Parafuso",
    "confidence": 0.9416972398757935,
    "cx_px": 892.7001953125,
    "cy_px": 786.8042602539062,
    "w_mm": 44.4,
    "h_mm": 20.88,
    "short_mm": 20.88,
    "long_mm": 44.4,
    "angle_deg": 0.0,
    "box_index": 1,
    "size_label": "ONLY"
  },
  {
    "image": "2f961ddc-IMG_3248.JPEG",
    "class_id": 1,
    "class_name": "Porca",
    "confidence": 0.9712368845939636,
    "cx_px": 802.7741088867188,
    "cy_px": 935.1162109375,
    "w_mm": 24.79,
    "h_mm": 25.58,
    "short_mm": 24.79,
    "long_mm": 25.58,
    "angle_deg": 0.0,
    "box_index": 0
  },
  {
    "image": "2f961ddc-IMG_3248.JPEG",
    "class_id": 1,
    "class_name": "Porca",
    "confidence": 0.87776118516922,
    "cx_px": 1429.7838134765625,
    "cy_px": 970.0656127929688,
    "w_mm": 32.38,
    "h_mm": 20.17,
    "short_mm": 20.17,
    "long_mm": 32.38,
    "angle_deg": 1.57,
    "box_index": 1
  },
  {
    "image": "2feb3dcf-IMG_3443.JPEG",
    "class_id": 1,
    "class_name": "Porca",
    "confidence": 0.9594447612762451,
    "cx_px": 989.7696533203125,
    "cy_px": 1061.26611328125,
    "w_mm": 16.65,
    "h_mm": 15.74,
    "short_mm": 15.74,
    "long_mm": 16.65,
    "angle_deg": 0.02,
    "box_index": 0
  },
  {
    "image": "2feb3dcf-IMG_3443.JPEG",
    "class_id": 1,
    "class_name": "Porca",
    "confidence": 0.9496450424194336,
    "cx_px": 969.5017700195312,
    "cy_px": 617.2968139648438,
    "w_mm": 13.01,
    "h_mm": 12.19,
    "short_mm": 12.19,
    "long_mm": 13.01,
    "angle_deg": 0.0,
    "box_index": 1
  },
  {
    "image": "2feb3dcf-IMG_3443.JPEG",
    "class_id": 0,
    "class_name": "Parafuso",
    "confidence": 0.9388576745986938,
    "cx_px": 1220.646728515625,
    "cy_px": 471.7743835449219,
    "w_mm": 27.98,
    "h_mm": 11.54,
    "short_mm": 11.54,
    "long_mm": 27.98,
    "angle_deg": 0.0,
    "box_index": 2,
    "size_label": "SHORTEST"
  },
  {
    "image": "2feb3dcf-IMG_3443.JPEG",
    "class_id": 0,
    "class_name": "Parafuso",
    "confidence": 0.9259048104286194,
    "cx_px": 868.5792236328125,
    "cy_px": 400.2245178222656,
    "w_mm": 11.06,
    "h_mm": 36.64,
    "short_mm": 11.06,
    "long_mm": 36.64,
    "angle_deg": 0.83,
    "box_index": 3,
    "size_label": "LONGEST"
  },
  {
    "image": "3aa979b8-IMG_3312.JPEG",
    "class_id": 1,
    "class_name": "Porca",
    "confidence": 0.9571130871772766,
    "cx_px": 1299.7938232421875,
    "cy_px": 964.50390625,
    "w_mm": 19.32,
    "h_mm": 18.95,
    "short_mm": 18.95,
    "long_mm": 19.32,
    "angle_deg": 0.01,
    "box_index": 0
  },
  {
    "image": "3aa979b8-IMG_3312.JPEG",
    "class_id": 1,
    "class_name": "Porca",
    "confidence": 0.9456403255462646,
    "cx_px": 948.25732421875,
    "cy_px": 642.9945678710938,
    "w_mm": 23.49,
    "h_mm": 18.91,
    "short_mm": 18.91,
    "long_mm": 23.49,
    "angle_deg": 0.0,
    "box_index": 1
  },
  {
    "image": "3aa979b8-IMG_3312.JPEG",
    "class_id": 0,
    "class_name": "Parafuso",
    "confidence": 0.9450680017471313,
    "cx_px": 847.5455322265625,
    "cy_px": 1090.9947509765625,
    "w_mm": 51.52,
    "h_mm": 17.27,
    "short_mm": 17.27,
    "long_mm": 51.52,
    "angle_deg": 1.22,
    "box_index": 2,
    "size_label": "LONGEST"
  },
  {
    "image": "3aa979b8-IMG_3312.JPEG",
    "class_id": 0,
    "class_name": "Parafuso",
    "confidence": 0.9378427863121033,
    "cx_px": 1546.054443359375,
    "cy_px": 655.79052734375,
    "w_mm": 45.23,
    "h_mm": 23.25,
    "short_mm": 23.25,
    "long_mm": 45.23,
    "angle_deg": 0.68,
    "box_index": 3,
    "size_label": "SHORTEST"
  },
  {
    "image": "3b7d8e09-IMG_3472.JPG",
    "class_id": 1,
    "class_name": "Porca",
    "confidence": 0.9494640827178955,
    "cx_px": 2046.1385498046875,
    "cy_px": 1309.58154296875,
    "w_mm": 42.7,
    "h_mm": 35.57,
    "short_mm": 35.57,
    "long_mm": 42.7,
    "angle_deg": 0.01,
    "box_index": 0
  },
  {
    "image": "3b7d8e09-IMG_3472.JPG",
    "class_id": 1,
    "class_name": "Porca",
    "confidence": 0.943456768989563,
    "cx_px": 1127.0692138671875,
    "cy_px": 1097.030029296875,
    "w_mm": 29.77,
    "h_mm": 36.43,
    "short_mm": 29.77,
    "long_mm": 36.43,
    "angle_deg": 1.57,
    "box_index": 1
  },
  {
    "image": "3b7d8e09-IMG_3472.JPG",
    "class_id": 0,
    "class_name": "Parafuso",
    "confidence": 0.9348773956298828,
    "cx_px": 1494.9013671875,
    "cy_px": 1112.003173828125,
    "w_mm": 36.13,
    "h_mm": 82.84,
    "short_mm": 36.13,
    "long_mm": 82.84,
    "angle_deg": 0.83,
    "box_index": 2,
    "size_label": "SHORTEST"
  },
  {
    "image": "3b7d8e09-IMG_3472.JPG",
    "class_id": 0,
    "class_name": "Parafuso",
    "confidence": 0.8985427021980286,
    "cx_px": 2554.841064453125,
    "cy_px": 1446.863525390625,
    "w_mm": 42.34,
    "h_mm": 146.19,
    "short_mm": 42.34,
    "long_mm": 146.19,
    "angle_deg": 0.66,
    "box_index": 3,
    "size_label": "LONGEST"
  },
  {
    "image": "3b8ef5e4-IMG_3379.JPEG",
    "class_id": 0,
    "class_name": "Parafuso",
    "confidence": 0.9400602579116821,
    "cx_px": 818.1870727539062,
    "cy_px": 507.087646484375,
    "w_mm": 18.39,
    "h_mm": 49.17,
    "short_mm": 18.39,
    "long_mm": 49.17,
    "angle_deg": 0.12,
    "box_index": 0,
    "size_label": "LONGEST"
  },
  {
    "image": "3b8ef5e4-IMG_3379.JPEG",
    "class_id": 0,
    "class_name": "Parafuso",
    "confidence": 0.9369664192199707,
    "cx_px": 1175.110595703125,
    "cy_px": 426.74493408203125,
    "w_mm": 37.6,
    "h_mm": 19.42,
    "short_mm": 19.42,
    "long_mm": 37.6,
    "angle_deg": 1.56,
    "box_index": 1,
    "size_label": "SHORTEST"
  },
  {
    "image": "3bdc34e9-IMG_3222.JPEG",
    "class_id": 0,
    "class_name": "Parafuso",
    "confidence": 0.9387068152427673,
    "cx_px": 525.1266479492188,
    "cy_px": 305.6784362792969,
    "w_mm": 57.17,
    "h_mm": 24.53,
    "short_mm": 24.53,
    "long_mm": 57.17,
    "angle_deg": 1.51,
    "box_index": 0,
    "size_label": "SHORTEST"
  },
  {
    "image": "3bdc34e9-IMG_3222.JPEG",
    "class_id": 0,
    "class_name": "Parafuso",
    "confidence": 0.8648068904876709,
    "cx_px": 1283.943115234375,
    "cy_px": 1028.1094970703125,
    "w_mm": 90.66,
    "h_mm": 30.07,
    "short_mm": 30.07,
    "long_mm": 90.66,
    "angle_deg": 1.5,
    "box_index": 1,
    "size_label": "LONGEST"
  },
  {
    "image": "3fc3b6c8-IMG_3395.JPEG",
    "class_id": 1,
    "class_name": "Porca",
    "confidence": 0.9592108726501465,
    "cx_px": 1188.6783447265625,
    "cy_px": 690.7356567382812,
    "w_mm": 18.48,
    "h_mm": 16.42,
    "short_mm": 16.42,
    "long_mm": 18.48,
    "angle_deg": 0.01,
    "box_index": 0
  },
  {
    "image": "3fc3b6c8-IMG_3395.JPEG",
    "class_id": 0,
    "class_name": "Parafuso",
    "confidence": 0.9365429878234863,
    "cx_px": 1187.7890625,
    "cy_px": 392.6110534667969,
    "w_mm": 16.16,
    "h_mm": 34.43,
    "short_mm": 16.16,
    "long_mm": 34.43,
    "angle_deg": 1.56,
    "box_index": 1,
    "size_label": "ONLY"
  },
  {
    "image": "4c67f8b1-IMG_2982.JPEG",
    "class_id": 1,
    "class_name": "Porca",
    "confidence": 0.9446266889572144,
    "cx_px": 583.8563842773438,
    "cy_px": 343.9571838378906,
    "w_mm": 16.93,
    "h_mm": 16.66,
    "short_mm": 16.66,
    "long_mm": 16.93,
    "angle_deg": 0.0,
    "box_index": 0
  },
  {
    "image": "4c67f8b1-IMG_2982.JPEG",
    "class_id": 0,
    "class_name": "Parafuso",
    "confidence": 0.9420810341835022,
    "cx_px": 545.7406616210938,
    "cy_px": 774.2509765625,
    "w_mm": 49.29,
    "h_mm": 15.76,
    "short_mm": 15.76,
    "long_mm": 49.29,
    "angle_deg": 0.18,
    "box_index": 1,
    "size_label": "LONGEST"
  },
  {
    "image": "4c67f8b1-IMG_2982.JPEG",
    "class_id": 0,
    "class_name": "Parafuso",
    "confidence": 0.928587019443512,
    "cx_px": 616.0692138671875,
    "cy_px": 529.8639526367188,
    "w_mm": 17.47,
    "h_mm": 46.86,
    "short_mm": 17.47,
    "long_mm": 46.86,
    "angle_deg": 1.23,
    "box_index": 2,
    "size_label": "IN-BETWEEN"
  },
  {
    "image": "4c67f8b1-IMG_2982.JPEG",
    "class_id": 0,
    "class_name": "Parafuso",
    "confidence": 0.9284417629241943,
    "cx_px": 880.55810546875,
    "cy_px": 151.81361389160156,
    "w_mm": 30.34,
    "h_mm": 15.42,
    "short_mm": 15.42,
    "long_mm": 30.34,
    "angle_deg": 1.55,
    "box_index": 3,
    "size_label": "SHORTEST"
  },
  {
    "image": "4c67f8b1-IMG_2982.JPEG",
    "class_id": 1,
    "class_name": "Porca",
    "confidence": 0.9265004992485046,
    "cx_px": 1155.8043212890625,
    "cy_px": 593.3864135742188,
    "w_mm": 15.39,
    "h_mm": 17.17,
    "short_mm": 15.39,
    "long_mm": 17.17,
    "angle_deg": 0.02,
    "box_index": 4
  },
  {
    "image": "4c67f8b1-IMG_2982.JPEG",
    "class_id": 1,
    "class_name": "Porca",
    "confidence": 0.9238513112068176,
    "cx_px": 1095.5360107421875,
    "cy_px": 256.691162109375,
    "w_mm": 18.02,
    "h_mm": 16.78,
    "short_mm": 16.78,
    "long_mm": 18.02,
    "angle_deg": 0.01,
    "box_index": 5
  },
  {
    "image": "4c67f8b1-IMG_2982.JPEG",
    "class_id": 0,
    "class_name": "Parafuso",
    "confidence": 0.9191234111785889,
    "cx_px": 1073.466796875,
    "cy_px": 704.70703125,
    "w_mm": 46.41,
    "h_mm": 14.42,
    "short_mm": 14.42,
    "long_mm": 46.41,
    "angle_deg": 1.02,
    "box_index": 6,
    "size_label": "IN-BETWEEN"
  },
  {
    "image": "4c67f8b1-IMG_2982.JPEG",
    "class_id": 1,
    "class_name": "Porca",
    "confidence": 0.9091272354125977,
    "cx_px": 719.748291015625,
    "cy_px": 945.4071655273438,
    "w_mm": 20.83,
    "h_mm": 15.73,
    "short_mm": 15.73,
    "long_mm": 20.83,
    "angle_deg": 0.0,
    "box_index": 7
  },
  {
    "image": "4c67f8b1-IMG_2982.JPEG",
    "class_id": 1,
    "class_name": "Porca",
    "confidence": 0.8965616226196289,
    "cx_px": 744.6986694335938,
    "cy_px": 1093.8038330078125,
    "w_mm": 16.22,
    "h_mm": 20.3,
    "short_mm": 16.22,
    "long_mm": 20.3,
    "angle_deg": 1.57,
    "box_index": 8
  },
  {
    "image": "4cb48896-IMG_3468.JPEG",
    "class_id": 1,
    "class_name": "Porca",
    "confidence": 0.9579853415489197,
    "cx_px": 945.0914916992188,
    "cy_px": 889.7735595703125,
    "w_mm": 22.34,
    "h_mm": 21.12,
    "short_mm": 21.12,
    "long_mm": 22.34,
    "angle_deg": 0.01,
    "box_index": 0
  },
  {
    "image": "4cb48896-IMG_3468.JPEG",
    "class_id": 0,
    "class_name": "Parafuso",
    "confidence": 0.9415900707244873,
    "cx_px": 1347.4635009765625,
    "cy_px": 779.6901245117188,
    "w_mm": 50.6,
    "h_mm": 21.69,
    "short_mm": 21.69,
    "long_mm": 50.6,
    "angle_deg": 1.49,
    "box_index": 1,
    "size_label": "ONLY"
  },
  {
    "image": "4cf20f45-IMG_3310.JPEG",
    "class_id": 1,
    "class_name": "Porca",
    "confidence": 0.959740936756134,
    "cx_px": 872.5592651367188,
    "cy_px": 980.6611328125,
    "w_mm": 22.71,
    "h_mm": 22.49,
    "short_mm": 22.49,
    "long_mm": 22.71,
    "angle_deg": 0.01,
    "box_index": 0
  },
  {
    "image": "4cf20f45-IMG_3310.JPEG",
    "class_id": 0,
    "class_name": "Parafuso",
    "confidence": 0.948651134967804,
    "cx_px": 1345.2601318359375,
    "cy_px": 1005.2080078125,
    "w_mm": 22.68,
    "h_mm": 49.38,
    "short_mm": 22.68,
    "long_mm": 49.38,
    "angle_deg": 0.18,
    "box_index": 1,
    "size_label": "SHORTEST"
  },
  {
    "image": "4cf20f45-IMG_3310.JPEG",
    "class_id": 1,
    "class_name": "Porca",
    "confidence": 0.9417692422866821,
    "cx_px": 1134.2470703125,
    "cy_px": 469.673095703125,
    "w_mm": 16.94,
    "h_mm": 20.11,
    "short_mm": 16.94,
    "long_mm": 20.11,
    "angle_deg": 0.0,
    "box_index": 2
  },
  {
    "image": "4cf20f45-IMG_3310.JPEG",
    "class_id": 0,
    "class_name": "Parafuso",
    "confidence": 0.9237578511238098,
    "cx_px": 521.3236083984375,
    "cy_px": 573.4570922851562,
    "w_mm": 21.73,
    "h_mm": 63.96,
    "short_mm": 21.73,
    "long_mm": 63.96,
    "angle_deg": 1.09,
    "box_index": 3,
    "size_label": "LONGEST"
  },
  {
    "image": "4d3131ef-IMG_3254.JPEG",
    "class_id": 1,
    "class_name": "Porca",
    "confidence": 0.947099506855011,
    "cx_px": 610.52783203125,
    "cy_px": 518.4494018554688,
    "w_mm": 24.14,
    "h_mm": 30.07,
    "short_mm": 24.14,
    "long_mm": 30.07,
    "angle_deg": 0.04,
    "box_index": 0
  },
  {
    "image": "4d3131ef-IMG_3254.JPEG",
    "class_id": 1,
    "class_name": "Porca",
    "confidence": 0.9342450499534607,
    "cx_px": 1200.1201171875,
    "cy_px": 893.9104614257812,
    "w_mm": 37.79,
    "h_mm": 29.19,
    "short_mm": 29.19,
    "long_mm": 37.79,
    "angle_deg": 0.01,
    "box_index": 1
  },
  {
    "image": "4ed78dfa-IMG_3426.JPEG",
    "class_id": 1,
    "class_name": "Porca",
    "confidence": 0.9593150019645691,
    "cx_px": 601.0724487304688,
    "cy_px": 1154.4217529296875,
    "w_mm": 17.29,
    "h_mm": 17.87,
    "short_mm": 17.29,
    "long_mm": 17.87,
    "angle_deg": 0.01,
    "box_index": 0
  },
  {
    "image": "4ed78dfa-IMG_3426.JPEG",
    "class_id": 0,
    "class_name": "Parafuso",
    "confidence": 0.9355150461196899,
    "cx_px": 562.2964477539062,
    "cy_px": 825.0299072265625,
    "w_mm": 18.23,
    "h_mm": 39.14,
    "short_mm": 18.23,
    "long_mm": 39.14,
    "angle_deg": 1.5,
    "box_index": 1,
    "size_label": "ONLY"
  },
  {
    "image": "4f133563-IMG_3260.JPEG",
    "class_id": 0,
    "class_name": "Parafuso",
    "confidence": 0.9386071562767029,
    "cx_px": 509.0323181152344,
    "cy_px": 641.6151733398438,
    "w_mm": 32.92,
    "h_mm": 66.08,
    "short_mm": 32.92,
    "long_mm": 66.08,
    "angle_deg": 0.31,
    "box_index": 0,
    "size_label": "SHORTEST"
  },
  {
    "image": "4f133563-IMG_3260.JPEG",
    "class_id": 0,
    "class_name": "Parafuso",
    "confidence": 0.9066572785377502,
    "cx_px": 711.2251586914062,
    "cy_px": 1220.9803466796875,
    "w_mm": 27.63,
    "h_mm": 89.88,
    "short_mm": 27.63,
    "long_mm": 89.88,
    "angle_deg": 1.16,
    "box_index": 1,
    "size_label": "LONGEST"
  },
  {
    "image": "5a1ff7d5-IMG_3242.JPEG",
    "class_id": 1,
    "class_name": "Porca",
    "confidence": 0.9731441736221313,
    "cx_px": 1200.08837890625,
    "cy_px": 1100.7996826171875,
    "w_mm": 27.34,
    "h_mm": 28.65,
    "short_mm": 27.34,
    "long_mm": 28.65,
    "angle_deg": 0.03,
    "box_index": 0
  },
  {
    "image": "5a1ff7d5-IMG_3242.JPEG",
    "class_id": 1,
    "class_name": "Porca",
    "confidence": 0.966887891292572,
    "cx_px": 913.7977905273438,
    "cy_px": 504.66461181640625,
    "w_mm": 31.87,
    "h_mm": 32.54,
    "short_mm": 31.87,
    "long_mm": 32.54,
    "angle_deg": 0.01,
    "box_index": 1
  },
  {
    "image": "5a651f8e-IMG_3484.JPEG",
    "class_id": 1,
    "class_name": "Porca",
    "confidence": 0.9515010118484497,
    "cx_px": 903.451171875,
    "cy_px": 964.1793212890625,
    "w_mm": 12.17,
    "h_mm": 12.4,
    "short_mm": 12.17,
    "long_mm": 12.4,
    "angle_deg": 0.03,
    "box_index": 0
  },
  {
    "image": "5a651f8e-IMG_3484.JPEG",
    "class_id": 1,
    "class_name": "Porca",
    "confidence": 0.9495422840118408,
    "cx_px": 463.4394226074219,
    "cy_px": 884.6135864257812,
    "w_mm": 11.47,
    "h_mm": 11.74,
    "short_mm": 11.47,
    "long_mm": 11.74,
    "angle_deg": 0.04,
    "box_index": 1
  },
  {
    "image": "5a651f8e-IMG_3484.JPEG",
    "class_id": 0,
    "class_name": "Parafuso",
    "confidence": 0.9354985356330872,
    "cx_px": 635.8484497070312,
    "cy_px": 903.9940795898438,
    "w_mm": 10.35,
    "h_mm": 26.36,
    "short_mm": 10.35,
    "long_mm": 26.36,
    "angle_deg": 0.12,
    "box_index": 2,
    "size_label": "SHORTEST"
  },
  {
    "image": "5a651f8e-IMG_3484.JPEG",
    "class_id": 0,
    "class_name": "Parafuso",
    "confidence": 0.9279192686080933,
    "cx_px": 1110.5291748046875,
    "cy_px": 972.4337768554688,
    "w_mm": 38.77,
    "h_mm": 10.92,
    "short_mm": 10.92,
    "long_mm": 38.77,
    "angle_deg": 1.45,
    "box_index": 3,
    "size_label": "LONGEST"
  },
  {
    "image": "5b1e3cfb-IMG_3006.JPEG",
    "class_id": 1,
    "class_name": "Porca",
    "confidence": 0.9558661580085754,
    "cx_px": 1153.0740966796875,
    "cy_px": 631.5184936523438,
    "w_mm": 26.07,
    "h_mm": 26.2,
    "short_mm": 26.07,
    "long_mm": 26.2,
    "angle_deg": 0.01,
    "box_index": 0
  },
  {
    "image": "5b1e3cfb-IMG_3006.JPEG",
    "class_id": 1,
    "class_name": "Porca",
    "confidence": 0.927791178226471,
    "cx_px": 1790.939697265625,
    "cy_px": 375.9615173339844,
    "w_mm": 12.88,
    "h_mm": 19.37,
    "short_mm": 12.88,
    "long_mm": 19.37,
    "angle_deg": 1.57,
    "box_index": 1
  },
  {
    "image": "5b1e3cfb-IMG_3006.JPEG",
    "class_id": 0,
    "class_name": "Parafuso",
    "confidence": 0.9185811281204224,
    "cx_px": 955.7341918945312,
    "cy_px": 267.2483825683594,
    "w_mm": 51.88,
    "h_mm": 16.26,
    "short_mm": 16.26,
    "long_mm": 51.88,
    "angle_deg": 0.09,
    "box_index": 2,
    "size_label": "LONGEST"
  },
  {
    "image": "5b1e3cfb-IMG_3006.JPEG",
    "class_id": 0,
    "class_name": "Parafuso",
    "confidence": 0.8939443230628967,
    "cx_px": 987.7644653320312,
    "cy_px": 507.1333923339844,
    "w_mm": 18.81,
    "h_mm": 43.75,
    "short_mm": 18.81,
    "long_mm": 43.75,
    "angle_deg": 1.11,
    "box_index": 3,
    "size_label": "IN-BETWEEN"
  },
  {
    "image": "5b1e3cfb-IMG_3006.JPEG",
    "class_id": 0,
    "class_name": "Parafuso",
    "confidence": 0.8551939725875854,
    "cx_px": 1543.093994140625,
    "cy_px": 193.09915161132812,
    "w_mm": 13.94,
    "h_mm": 18.16,
    "short_mm": 13.94,
    "long_mm": 18.16,
    "angle_deg": 0.08,
    "box_index": 4,
    "size_label": "SHORTEST"
  },
  {
    "image": "5b1e3cfb-IMG_3006.JPEG",
    "class_id": 1,
    "class_name": "Porca",
    "confidence": 0.8302125334739685,
    "cx_px": 1087.3314208984375,
    "cy_px": 361.2206726074219,
    "w_mm": 13.34,
    "h_mm": 19.55,
    "short_mm": 13.34,
    "long_mm": 19.55,
    "angle_deg": 1.57,
    "box_index": 5
  },
  {
    "image": "5b1e3cfb-IMG_3006.JPEG",
    "class_id": 1,
    "class_name": "Porca",
    "confidence": 0.7733478546142578,
    "cx_px": 748.5681762695312,
    "cy_px": 525.6533813476562,
    "w_mm": 15.18,
    "h_mm": 14.54,
    "short_mm": 14.54,
    "long_mm": 15.18,
    "angle_deg": 1.56,
    "box_index": 6
  },
  {
    "image": "5b1e3cfb-IMG_3006.JPEG",
    "class_id": 1,
    "class_name": "Porca",
    "confidence": 0.7345303297042847,
    "cx_px": 768.6919555664062,
    "cy_px": 98.89556121826172,
    "w_mm": 8.65,
    "h_mm": 13.91,
    "short_mm": 8.65,
    "long_mm": 13.91,
    "angle_deg": 1.56,
    "box_index": 7
  },
  {
    "image": "5e02c860-IMG_2989.JPEG",
    "class_id": 1,
    "class_name": "Porca",
    "confidence": 0.9472088813781738,
    "cx_px": 1166.9295654296875,
    "cy_px": 1479.4359130859375,
    "w_mm": 13.66,
    "h_mm": 14.22,
    "short_mm": 13.66,
    "long_mm": 14.22,
    "angle_deg": 0.03,
    "box_index": 0
  },
  {
    "image": "5e02c860-IMG_2989.JPEG",
    "class_id": 0,
    "class_name": "Parafuso",
    "confidence": 0.9452950954437256,
    "cx_px": 429.99853515625,
    "cy_px": 1415.406982421875,
    "w_mm": 37.66,
    "h_mm": 14.86,
    "short_mm": 14.86,
    "long_mm": 37.66,
    "angle_deg": 1.56,
    "box_index": 1,
    "size_label": "IN-BETWEEN"
  },
  {
    "image": "5e02c860-IMG_2989.JPEG",
    "class_id": 1,
    "class_name": "Porca",
    "confidence": 0.9366082549095154,
    "cx_px": 268.5513610839844,
    "cy_px": 1050.3157958984375,
    "w_mm": 13.44,
    "h_mm": 13.17,
    "short_mm": 13.17,
    "long_mm": 13.44,
    "angle_deg": 0.02,
    "box_index": 2
  },
  {
    "image": "5e02c860-IMG_2989.JPEG",
    "class_id": 1,
    "class_name": "Porca",
    "confidence": 0.9279288649559021,
    "cx_px": 795.10595703125,
    "cy_px": 619.177978515625,
    "w_mm": 13.27,
    "h_mm": 14.47,
    "short_mm": 13.27,
    "long_mm": 14.47,
    "angle_deg": 0.03,
    "box_index": 3
  },
  {
    "image": "5e02c860-IMG_2989.JPEG",
    "class_id": 0,
    "class_name": "Parafuso",
    "confidence": 0.9234463572502136,
    "cx_px": 857.2510986328125,
    "cy_px": 1169.5986328125,
    "w_mm": 38.41,
    "h_mm": 13.58,
    "short_mm": 13.58,
    "long_mm": 38.41,
    "angle_deg": 1.11,
    "box_index": 4,
    "size_label": "IN-BETWEEN"
  },
  {
    "image": "5e02c860-IMG_2989.JPEG",
    "class_id": 1,
    "class_name": "Porca",
    "confidence": 0.9223294258117676,
    "cx_px": 699.3512573242188,
    "cy_px": 876.6929931640625,
    "w_mm": 15.24,
    "h_mm": 13.3,
    "short_mm": 13.3,
    "long_mm": 15.24,
    "angle_deg": 0.02,
    "box_index": 5
  },
  {
    "image": "5e02c860-IMG_2989.JPEG",
    "class_id": 1,
    "class_name": "Porca",
    "confidence": 0.9123745560646057,
    "cx_px": 571.6466064453125,
    "cy_px": 517.5884399414062,
    "w_mm": 12.98,
    "h_mm": 11.4,
    "short_mm": 11.4,
    "long_mm": 12.98,
    "angle_deg": 0.02,
    "box_index": 6
  },
  {
    "image": "5e02c860-IMG_2989.JPEG",
    "class_id": 0,
    "class_name": "Parafuso",
    "confidence": 0.9082868099212646,
    "cx_px": 679.3851318359375,
    "cy_px": 633.975341796875,
    "w_mm": 11.63,
    "h_mm": 29.45,
    "short_mm": 11.63,
    "long_mm": 29.45,
    "angle_deg": 0.15,
    "box_index": 7,
    "size_label": "SHORTEST"
  },
  {
    "image": "5e02c860-IMG_2989.JPEG",
    "class_id": 0,
    "class_name": "Parafuso",
    "confidence": 0.9078624248504639,
    "cx_px": 800.1124877929688,
    "cy_px": 963.1798095703125,
    "w_mm": 12.4,
    "h_mm": 38.97,
    "short_mm": 12.4,
    "long_mm": 38.97,
    "angle_deg": 1.54,
    "box_index": 8,
    "size_label": "LONGEST"
  },
  {
    "image": "5e1dbf8c-IMG_3327.JPEG",
    "class_id": 1,
    "class_name": "Porca",
    "confidence": 0.9484859704971313,
    "cx_px": 1369.9197998046875,
    "cy_px": 457.0647888183594,
    "w_mm": 21.26,
    "h_mm": 18.96,
    "short_mm": 18.96,
    "long_mm": 21.26,
    "angle_deg": 0.02,
    "box_index": 0
  },
  {
    "image": "5e1dbf8c-IMG_3327.JPEG",
    "class_id": 0,
    "class_name": "Parafuso",
    "confidence": 0.9167478084564209,
    "cx_px": 1546.0985107421875,
    "cy_px": 765.6547241210938,
    "w_mm": 26.27,
    "h_mm": 64.01,
    "short_mm": 26.27,
    "long_mm": 64.01,
    "angle_deg": 1.52,
    "box_index": 1,
    "size_label": "SHORTEST"
  },
  {
    "image": "5e1dbf8c-IMG_3327.JPEG",
    "class_id": 0,
    "class_name": "Parafuso",
    "confidence": 0.9046837687492371,
    "cx_px": 760.7166748046875,
    "cy_px": 509.95953369140625,
    "w_mm": 26.19,
    "h_mm": 74.38,
    "short_mm": 26.19,
    "long_mm": 74.38,
    "angle_deg": 1.42,
    "box_index": 2,
    "size_label": "LONGEST"
  },
  {
    "image": "5e4a73e6-IMG_3003.JPEG",
    "class_id": 1,
    "class_name": "Porca",
    "confidence": 0.9606606364250183,
    "cx_px": 1158.8333740234375,
    "cy_px": 758.2699584960938,
    "w_mm": 15.08,
    "h_mm": 15.21,
    "short_mm": 15.08,
    "long_mm": 15.21,
    "angle_deg": 0.04,
    "box_index": 0
  },
  {
    "image": "5e4a73e6-IMG_3003.JPEG",
    "class_id": 1,
    "class_name": "Porca",
    "confidence": 0.9528110027313232,
    "cx_px": 905.646484375,
    "cy_px": 633.8156127929688,
    "w_mm": 15.31,
    "h_mm": 13.99,
    "short_mm": 13.99,
    "long_mm": 15.31,
    "angle_deg": 0.03,
    "box_index": 1
  },
  {
    "image": "5e4a73e6-IMG_3003.JPEG",
    "class_id": 0,
    "class_name": "Parafuso",
    "confidence": 0.9252052903175354,
    "cx_px": 1446.41552734375,
    "cy_px": 331.2815856933594,
    "w_mm": 11.16,
    "h_mm": 19.48,
    "short_mm": 11.16,
    "long_mm": 19.48,
    "angle_deg": 0.1,
    "box_index": 2,
    "size_label": "SHORTEST"
  },
  {
    "image": "5e4a73e6-IMG_3003.JPEG",
    "class_id": 1,
    "class_name": "Porca",
    "confidence": 0.9165118932723999,
    "cx_px": 1102.7132568359375,
    "cy_px": 504.5997009277344,
    "w_mm": 13.79,
    "h_mm": 12.2,
    "short_mm": 12.2,
    "long_mm": 13.79,
    "angle_deg": 0.01,
    "box_index": 3
  },
  {
    "image": "5e4a73e6-IMG_3003.JPEG",
    "class_id": 1,
    "class_name": "Porca",
    "confidence": 0.9133857488632202,
    "cx_px": 1600.6519775390625,
    "cy_px": 545.4862670898438,
    "w_mm": 11.33,
    "h_mm": 14.01,
    "short_mm": 11.33,
    "long_mm": 14.01,
    "angle_deg": 1.57,
    "box_index": 4
  },
  {
    "image": "5e4a73e6-IMG_3003.JPEG",
    "class_id": 0,
    "class_name": "Parafuso",
    "confidence": 0.9125034809112549,
    "cx_px": 1053.87451171875,
    "cy_px": 650.661376953125,
    "w_mm": 13.37,
    "h_mm": 28.22,
    "short_mm": 13.37,
    "long_mm": 28.22,
    "angle_deg": 0.96,
    "box_index": 5,
    "size_label": "IN-BETWEEN"
  },
  {
    "image": "5e4a73e6-IMG_3003.JPEG",
    "class_id": 1,
    "class_name": "Porca",
    "confidence": 0.9037654399871826,
    "cx_px": 844.4766845703125,
    "cy_px": 161.80526733398438,
    "w_mm": 11.83,
    "h_mm": 9.13,
    "short_mm": 9.13,
    "long_mm": 11.83,
    "angle_deg": 0.01,
    "box_index": 6
  },
  {
    "image": "5e4a73e6-IMG_3003.JPEG",
    "class_id": 0,
    "class_name": "Parafuso",
    "confidence": 0.8982981443405151,
    "cx_px": 1016.8804931640625,
    "cy_px": 400.8196716308594,
    "w_mm": 40.32,
    "h_mm": 12.8,
    "short_mm": 12.8,
    "long_mm": 40.32,
    "angle_deg": 0.26,
    "box_index": 7,
    "size_label": "LONGEST"
  },
  {
    "image": "5e4a73e6-IMG_3003.JPEG",
    "class_id": 0,
    "class_name": "Parafuso",
    "confidence": 0.8723571300506592,
    "cx_px": 1019.1716918945312,
    "cy_px": 304.5557556152344,
    "w_mm": 22.89,
    "h_mm": 11.29,
    "short_mm": 11.29,
    "long_mm": 22.89,
    "angle_deg": 1.12,
    "box_index": 8,
    "size_label": "IN-BETWEEN"
  },
  {
    "image": "5e63df8f-IMG_3345.JPEG",
    "class_id": 1,
    "class_name": "Porca",
    "confidence": 0.948458731174469,
    "cx_px": 1175.84814453125,
    "cy_px": 692.112548828125,
    "w_mm": 23.18,
    "h_mm": 18.69,
    "short_mm": 18.69,
    "long_mm": 23.18,
    "angle_deg": 0.0,
    "box_index": 0
  },
  {
    "image": "5e63df8f-IMG_3345.JPEG",
    "class_id": 0,
    "class_name": "Parafuso",
    "confidence": 0.9368765354156494,
    "cx_px": 496.5188903808594,
    "cy_px": 799.010986328125,
    "w_mm": 24.08,
    "h_mm": 52.16,
    "short_mm": 24.08,
    "long_mm": 52.16,
    "angle_deg": 0.36,
    "box_index": 1,
    "size_label": "LONGEST"
  },
  {
    "image": "5e63df8f-IMG_3345.JPEG",
    "class_id": 0,
    "class_name": "Parafuso",
    "confidence": 0.9355210661888123,
    "cx_px": 891.7847900390625,
    "cy_px": 494.3195495605469,
    "w_mm": 39.93,
    "h_mm": 19.77,
    "short_mm": 19.77,
    "long_mm": 39.93,
    "angle_deg": 0.5,
    "box_index": 2,
    "size_label": "SHORTEST"
  },
  {
    "image": "5e63df8f-IMG_3345.JPEG",
    "class_id": 1,
    "class_name": "Porca",
    "confidence": 0.913307785987854,
    "cx_px": 469.5096130371094,
    "cy_px": 503.78076171875,
    "w_mm": 18.81,
    "h_mm": 9.99,
    "short_mm": 9.99,
    "long_mm": 18.81,
    "angle_deg": 1.56,
    "box_index": 3
  },
  {
    "image": "5fc3157f-IMG_3482.JPEG",
    "class_id": 1,
    "class_name": "Porca",
    "confidence": 0.9556419849395752,
    "cx_px": 765.1478881835938,
    "cy_px": 975.0319213867188,
    "w_mm": 24.72,
    "h_mm": 22.99,
    "short_mm": 22.99,
    "long_mm": 24.72,
    "angle_deg": 0.02,
    "box_index": 0
  },
  {
    "image": "5fc3157f-IMG_3482.JPEG",
    "class_id": 1,
    "class_name": "Porca",
    "confidence": 0.9125996828079224,
    "cx_px": 873.8341674804688,
    "cy_px": 524.9169921875,
    "w_mm": 16.54,
    "h_mm": 11.92,
    "short_mm": 11.92,
    "long_mm": 16.54,
    "angle_deg": 0.01,
    "box_index": 1
  },
  {
    "image": "5fc3157f-IMG_3482.JPEG",
    "class_id": 0,
    "class_name": "Parafuso",
    "confidence": 0.8762103319168091,
    "cx_px": 849.8073120117188,
    "cy_px": 643.2887573242188,
    "w_mm": 45.09,
    "h_mm": 17.74,
    "short_mm": 17.74,
    "long_mm": 45.09,
    "angle_deg": 0.14,
    "box_index": 2,
    "size_label": "ONLY"
  },
  {
    "image": "6a6e14da-IMG_3314.JPEG",
    "class_id": 1,
    "class_name": "Porca",
    "confidence": 0.9571473598480225,
    "cx_px": 684.3932495117188,
    "cy_px": 1312.0250244140625,
    "w_mm": 18.41,
    "h_mm": 19.56,
    "short_mm": 18.41,
    "long_mm": 19.56,
    "angle_deg": 0.01,
    "box_index": 0
  },
  {
    "image": "6a6e14da-IMG_3314.JPEG",
    "class_id": 1,
    "class_name": "Porca",
    "confidence": 0.9567770957946777,
    "cx_px": 564.6611938476562,
    "cy_px": 456.4058532714844,
    "w_mm": 16.83,
    "h_mm": 16.44,
    "short_mm": 16.44,
    "long_mm": 16.83,
    "angle_deg": 0.01,
    "box_index": 1
  },
  {
    "image": "6a6e14da-IMG_3314.JPEG",
    "class_id": 0,
    "class_name": "Parafuso",
    "confidence": 0.9414677023887634,
    "cx_px": 376.20977783203125,
    "cy_px": 962.9745483398438,
    "w_mm": 19.48,
    "h_mm": 39.91,
    "short_mm": 19.48,
    "long_mm": 39.91,
    "angle_deg": 0.41,
    "box_index": 2,
    "size_label": "SHORTEST"
  },
  {
    "image": "6a6e14da-IMG_3314.JPEG",
    "class_id": 0,
    "class_name": "Parafuso",
    "confidence": 0.9369175434112549,
    "cx_px": 944.8349609375,
    "cy_px": 739.136962890625,
    "w_mm": 52.87,
    "h_mm": 20.96,
    "short_mm": 20.96,
    "long_mm": 52.87,
    "angle_deg": 0.56,
    "box_index": 3,
    "size_label": "LONGEST"
  },
  {
    "image": "6ab6a189-IMG_3355.JPEG",
    "class_id": 1,
    "class_name": "Porca",
    "confidence": 0.955951452255249,
    "cx_px": 589.8008422851562,
    "cy_px": 964.0299072265625,
    "w_mm": 24.15,
    "h_mm": 22.89,
    "short_mm": 22.89,
    "long_mm": 24.15,
    "angle_deg": 0.0,
    "box_index": 0
  },
  {
    "image": "6ab6a189-IMG_3355.JPEG",
    "class_id": 1,
    "class_name": "Porca",
    "confidence": 0.9530500173568726,
    "cx_px": 815.7091674804688,
    "cy_px": 510.7455749511719,
    "w_mm": 20.73,
    "h_mm": 17.91,
    "short_mm": 17.91,
    "long_mm": 20.73,
    "angle_deg": 0.0,
    "box_index": 1
  },
  {
    "image": "6ab6a189-IMG_3355.JPEG",
    "class_id": 0,
    "class_name": "Parafuso",
    "confidence": 0.9351215362548828,
    "cx_px": 443.4459533691406,
    "cy_px": 677.6939697265625,
    "w_mm": 21.66,
    "h_mm": 45.02,
    "short_mm": 21.66,
    "long_mm": 45.02,
    "angle_deg": 1.09,
    "box_index": 2,
    "size_label": "SHORTEST"
  },
  {
    "image": "6ab6a189-IMG_3355.JPEG",
    "class_id": 0,
    "class_name": "Parafuso",
    "confidence": 0.9093108177185059,
    "cx_px": 703.1743774414062,
    "cy_px": 1641.384033203125,
    "w_mm": 99.63,
    "h_mm": 36.55,
    "short_mm": 36.55,
    "long_mm": 99.63,
    "angle_deg": 0.55,
    "box_index": 3,
    "size_label": "LONGEST"
  },
  {
    "image": "6bfa86c5-IMG_3213.JPEG",
    "class_id": 0,
    "class_name": "Parafuso",
    "confidence": 0.9433708190917969,
    "cx_px": 820.9132080078125,
    "cy_px": 1040.6361083984375,
    "w_mm": 56.69,
    "h_mm": 18.81,
    "short_mm": 18.81,
    "long_mm": 56.69,
    "angle_deg": 0.11,
    "box_index": 0,
    "size_label": "LONGEST"
  },
  {
    "image": "6bfa86c5-IMG_3213.JPEG",
    "class_id": 0,
    "class_name": "Parafuso",
    "confidence": 0.9281154274940491,
    "cx_px": 774.77294921875,
    "cy_px": 725.9674072265625,
    "w_mm": 18.46,
    "h_mm": 39.44,
    "short_mm": 18.46,
    "long_mm": 39.44,
    "angle_deg": 1.51,
    "box_index": 1,
    "size_label": "SHORTEST"
  }
]