image,class_id,class_name,confidence,cx_px,cy_px,w_px,h_px,angle_rad,long_side_px,short_side_px,length_label
04eee9b2-IMG_3206.JPEG,0,Parafuso,0.9528886079788208,638.1276245117188,843.7574462890625,386.0672607421875,170.02682495117188,0.08535034209489822,386.0672607421875,170.02682495117188,SHORTER
04eee9b2-IMG_3206.JPEG,0,Parafuso,0.9435423016548157,666.722412109375,1240.5152587890625,563.9413452148438,177.7079620361328,0.20247021317481995,563.9413452148438,177.7079620361328,LONGEST
0ba11135-IMG_3264.JPEG,0,Parafuso,0.9361009001731873,1011.6791381835938,132.3517303466797,183.4604034423828,428.85919189453125,1.0946018695831299,428.85919189453125,183.4604034423828,SHORTER
0ba11135-IMG_3264.JPEG,0,Parafuso,0.882924497127533,888.9970092773438,429.9541015625,740.2919311523438,237.522216796875,0.0024552345275878906,740.2919311523438,237.522216796875,LONGEST
0bc4a5dd-IMG_3404.JPEG,1,Porca,0.9687254428863525,455.6198425292969,776.8551635742188,156.2212677001953,147.6309051513672,0.006421297788619995,156.2212677001953,147.6309051513672,N/A
0bc4a5dd-IMG_3404.JPEG,1,Porca,0.9633893966674805,1436.691162109375,697.7673950195312,183.92971801757812,169.43106079101562,0.013637392781674862,183.92971801757812,169.43106079101562,N/A
0bc4a5dd-IMG_3404.JPEG,0,Parafuso,0.9388905763626099,741.0199584960938,731.3585205078125,471.9145202636719,169.1720428466797,1.4490103721618652,471.9145202636719,169.1720428466797,LONGEST
0bc4a5dd-IMG_3404.JPEG,0,Parafuso,0.9387360215187073,1017.8287963867188,700.1027221679688,354.15289306640625,172.58360290527344,1.566015601158142,354.15289306640625,172.58360290527344,SHORTER
0cdc4eb5-IMG_3315.JPEG,1,Porca,0.9553187489509583,663.9300537109375,1401.5140380859375,229.87925720214844,230.50682067871094,1.5624544620513916,230.50682067871094,229.87925720214844,N/A
0cdc4eb5-IMG_3315.JPEG,1,Porca,0.9520046710968018,818.2691040039062,523.8370361328125,173.4471893310547,181.6630096435547,0.016926033422350883,181.6630096435547,173.4471893310547,N/A
0cdc4eb5-IMG_3315.JPEG,0,Parafuso,0.9395606517791748,1050.194091796875,977.3031616210938,546.1854248046875,197.8578643798828,1.0745198726654053,546.1854248046875,197.8578643798828,LONGEST
0cdc4eb5-IMG_3315.JPEG,0,Parafuso,0.9251344799995422,506.89825439453125,848.2205200195312,250.198974609375,414.96929931640625,0.8020893931388855,414.96929931640625,250.198974609375,SHORTER
0de6f8ec-IMG_3341.JPEG,1,Porca,0.937872588634491,1114.632080078125,299.26177978515625,242.7626495361328,202.32305908203125,0.02240179479122162,242.7626495361328,202.32305908203125,N/A
0de6f8ec-IMG_3341.JPEG,0,Parafuso,0.9287545680999756,649.48095703125,462.51806640625,288.27032470703125,571.3736572265625,1.1023998260498047,571.3736572265625,288.27032470703125,SHORTER
0de6f8ec-IMG_3341.JPEG,1,Porca,0.9212895035743713,465.9398498535156,982.5089721679688,399.6022033691406,301.52032470703125,0.0178447924554348,399.6022033691406,301.52032470703125,N/A
0de6f8ec-IMG_3341.JPEG,0,Parafuso,0.8732870221138,1253.9029541015625,841.9674682617188,296.5680236816406,1052.100830078125,1.5594767332077026,1052.100830078125,296.5680236816406,LONGEST
0ee18d0b-IMG_3298.JPEG,1,Porca,0.9499004483222961,1170.135498046875,76.49227905273438,164.13865661621094,137.4022979736328,0.0004777773574460298,164.13865661621094,137.4022979736328,N/A
0ee18d0b-IMG_3298.JPEG,1,Porca,0.946117103099823,1041.53857421875,349.47515869140625,187.5403594970703,214.7194366455078,0.008185132406651974,214.7194366455078,187.5403594970703,N/A
0ee18d0b-IMG_3298.JPEG,0,Parafuso,0.9336722493171692,793.7717895507812,138.89208984375,168.19358825683594,290.89678955078125,0.36183661222457886,290.89678955078125,168.19358825683594,SHORTER
0ee18d0b-IMG_3298.JPEG,0,Parafuso,0.9241300225257874,1578.495361328125,157.59805297851562,177.3240203857422,532.5676879882812,0.792267382144928,532.5676879882812,177.3240203857422,LONGEST
0f4228a2-IMG_3442.JPEG,1,Porca,0.9597263336181641,1249.704833984375,1152.428466796875,191.29336547851562,194.77816772460938,0.013849083334207535,194.77816772460938,191.29336547851562,N/A
0f4228a2-IMG_3442.JPEG,1,Porca,0.9594424962997437,822.1647338867188,724.74755859375,173.78125,154.2341766357422,0.011766075156629086,173.78125,154.2341766357422,N/A
0f4228a2-IMG_3442.JPEG,0,Parafuso,0.9403776526451111,514.9401245117188,554.5648803710938,152.8998565673828,434.3000183105469,0.0833275318145752,434.3000183105469,152.8998565673828,LONGEST
0f4228a2-IMG_3442.JPEG,0,Parafuso,0.9200785160064697,932.9069213867188,469.2099609375,142.18325805664062,298.98162841796875,1.0883599519729614,298.98162841796875,142.18325805664062,SHORTER
1a2bcb0a-IMG_3348.JPEG,1,Porca,0.9547796249389648,563.8007202148438,980.7335205078125,166.78001403808594,168.97840881347656,0.017852000892162323,168.97840881347656,166.78001403808594,N/A
1a2bcb0a-IMG_3348.JPEG,1,Porca,0.9531735777854919,748.7332763671875,571.5057373046875,169.10629272460938,157.0985870361328,0.0007520101498812437,169.10629272460938,157.0985870361328,N/A
1a2bcb0a-IMG_3348.JPEG,0,Parafuso,0.9403973817825317,441.5994567871094,696.7863159179688,159.74356079101562,354.5669860839844,1.0623588562011719,354.5669860839844,159.74356079101562,SHORTER
1a2bcb0a-IMG_3348.JPEG,0,Parafuso,0.9375864267349243,605.246337890625,1468.5093994140625,565.1146850585938,210.72947692871094,0.6954497694969177,565.1146850585938,210.72947692871094,LONGEST
1c2c8f19-IMG_3271.JPEG,1,Porca,0.962921679019928,856.5103759765625,596.251953125,265.9705505371094,249.77273559570312,0.020825400948524475,265.9705505371094,249.77273559570312,N/A
1c2c8f19-IMG_3271.JPEG,1,Porca,0.9627120494842529,1451.6541748046875,576.2444458007812,252.45327758789062,240.03762817382812,0.013887282460927963,252.45327758789062,240.03762817382812,N/A
1ca36804-IMG_2992.JPEG,1,Porca,0.9333328604698181,1091.5509033203125,475.9848327636719,133.94029235839844,122.42656707763672,0.01587226428091526,133.94029235839844,122.42656707763672,N/A
1ca36804-IMG_2992.JPEG,0,Parafuso,0.9317922592163086,1354.517822265625,579.302734375,357.386962890625,163.37847900390625,0.8856602907180786,357.386962890625,163.37847900390625,SHORTER
1ca36804-IMG_2992.JPEG,1,Porca,0.9288966059684753,1326.71923828125,210.0810546875,125.51580047607422,130.91421508789062,0.0011500174878165126,130.91421508789062,125.51580047607422,N/A
1ca36804-IMG_2992.JPEG,1,Porca,0.9286068677902222,1217.5435791015625,679.4522094726562,187.065673828125,169.25086975097656,0.020770253613591194,187.065673828125,169.25086975097656,N/A
1ca36804-IMG_2992.JPEG,0,Parafuso,0.9281659722328186,904.1044921875,458.59161376953125,163.068359375,458.8517150878906,1.152642011642456,458.8517150878906,163.068359375,LONGEST
1ca36804-IMG_2992.JPEG,0,Parafuso,0.9228814244270325,728.1713256835938,372.9709167480469,423.4932556152344,126.35921478271484,0.09746330231428146,423.4932556152344,126.35921478271484,SHORTER
1ca36804-IMG_2992.JPEG,1,Porca,0.9213810563087463,263.2599182128906,394.6388244628906,137.210693359375,186.58035278320312,1.5628052949905396,186.58035278320312,137.210693359375,N/A
1ca36804-IMG_2992.JPEG,1,Porca,0.910919725894928,1567.1600341796875,588.0070190429688,162.9261016845703,242.4599609375,0.007218529470264912,242.4599609375,162.9261016845703,N/A
1ca36804-IMG_2992.JPEG,0,Parafuso,0.8984576463699341,956.3222045898438,141.78970336914062,283.6843566894531,181.8268585205078,0.06165771558880806,283.6843566894531,181.8268585205078,SHORTER
1cc2ffa5-IMG_2980.JPEG,1,Porca,0.9551182985305786,1348.9124755859375,994.6209106445312,220.9866943359375,228.18179321289062,0.003730839118361473,228.18179321289062,220.9866943359375,N/A
1cc2ffa5-IMG_2980.JPEG,1,Porca,0.9534434676170349,578.7130126953125,458.91015625,223.66796875,227.4514923095703,0.009656569920480251,227.4514923095703,223.66796875,N/A
1cc2ffa5-IMG_2980.JPEG,0,Parafuso,0.9460527300834656,1070.9859619140625,216.37522888183594,217.1481475830078,446.4967956542969,0.07195375859737396,446.4967956542969,217.1481475830078,SHORTER
1cc2ffa5-IMG_2980.JPEG,0,Parafuso,0.936895489692688,428.6103515625,1109.641845703125,710.4632568359375,203.0054168701172,0.3664741516113281,710.4632568359375,203.0054168701172,LONGEST
1cc2ffa5-IMG_2980.JPEG,1,Porca,0.9335821270942688,1358.8134765625,469.74609375,262.10638427734375,221.4004364013672,0.011941157281398773,262.10638427734375,221.4004364013672,N/A
1cc2ffa5-IMG_2980.JPEG,1,Porca,0.9261825680732727,629.9972534179688,1392.3798828125,253.6256103515625,215.6399383544922,0.010817167349159718,253.6256103515625,215.6399383544922,N/A
1cc2ffa5-IMG_2980.JPEG,0,Parafuso,0.9183679819107056,577.631103515625,745.0642700195312,213.09471130371094,677.927490234375,1.3505476713180542,677.927490234375,213.09471130371094,SHORTER
1cc2ffa5-IMG_2980.JPEG,0,Parafuso,0.8982880115509033,1207.2388916015625,1135.1224365234375,671.9006958007812,196.1103515625,1.1755387783050537,671.9006958007812,196.1103515625,SHORTER
1d18dc87-IMG_3323.JPEG,1,Porca,0.9579604864120483,520.8145751953125,1681.8128662109375,258.1998291015625,257.91009521484375,0.007863711565732956,258.1998291015625,257.91009521484375,N/A
1d18dc87-IMG_3323.JPEG,1,Porca,0.9570233225822449,1106.816650390625,549.6322631835938,261.09576416015625,251.78677368164062,0.020966308191418648,261.09576416015625,251.78677368164062,N/A
1d18dc87-IMG_3323.JPEG,0,Parafuso,0.9306676983833313,1146.0916748046875,1141.7215576171875,223.8975830078125,521.2794189453125,1.0430936813354492,521.2794189453125,223.8975830078125,SHORTER
1d18dc87-IMG_3323.JPEG,0,Parafuso,0.8813738822937012,340.60626220703125,952.2560424804688,891.9640502929688,300.8666076660156,1.327312707901001,891.9640502929688,300.8666076660156,LONGEST
1ef21198-IMG_3486.JPEG,1,Porca,0.950973629951477,857.2858276367188,1057.87158203125,158.5872039794922,165.8025665283203,0.018899403512477875,165.8025665283203,158.5872039794922,N/A
1ef21198-IMG_3486.JPEG,1,Porca,0.9282145500183105,450.83233642578125,1022.5139770507812,108.54003143310547,123.261474609375,0.0007315058610402048,123.261474609375,108.54003143310547,N/A
1ef21198-IMG_3486.JPEG,0,Parafuso,0.9253114461898804,1102.6868896484375,1038.518798828125,576.3550415039062,174.2050018310547,1.4199188947677612,576.3550415039062,174.2050018310547,LONGEST
1ef21198-IMG_3486.JPEG,0,Parafuso,0.9251927733421326,571.9376831054688,1026.59765625,117.4320068359375,313.0199890136719,0.03847526013851166,313.0199890136719,117.4320068359375,SHORTER
1ef4ab6a-IMG_3338.JPEG,1,Porca,0.9622457027435303,1016.7029418945312,934.3511962890625,286.8561096191406,291.17547607421875,1.5577068328857422,291.17547607421875,286.8561096191406,N/A
1ef4ab6a-IMG_3338.JPEG,1,Porca,0.9564340710639954,1269.75,237.6017303466797,203.57131958007812,203.5609893798828,0.010546679608523846,203.57131958007812,203.5609893798828,N/A
1ef4ab6a-IMG_3338.JPEG,0,Parafuso,0.9400455951690674,1374.3902587890625,623.6980590820312,252.741455078125,502.202880859375,0.5118053555488586,502.202880859375,252.741455078125,SHORTER
1ef4ab6a-IMG_3338.JPEG,0,Parafuso,0.9314868450164795,786.6525268554688,289.74456787109375,751.5929565429688,250.6374053955078,0.14204855263233185,751.5929565429688,250.6374053955078,LONGEST
2b1703ec-IMG_3481.JPEG,1,Porca,0.9595420360565186,1260.370361328125,704.1859741210938,195.55113220214844,178.8949432373047,0.017168713733553886,195.55113220214844,178.8949432373047,N/A
2b1703ec-IMG_3481.JPEG,1,Porca,0.9580619931221008,560.7565307617188,601.3922729492188,179.0631561279297,159.74510192871094,0.003062531352043152,179.0631561279297,159.74510192871094,N/A
2b1703ec-IMG_3481.JPEG,0,Parafuso,0.9472337365150452,834.1663208007812,607.3146362304688,169.07437133789062,385.4561462402344,0.16571356356143951,385.4561462402344,169.07437133789062,SHORTER
2b1703ec-IMG_3481.JPEG,0,Parafuso,0.9285890460014343,1618.1600341796875,718.9347534179688,592.7301635742188,181.57766723632812,1.2200740575790405,592.7301635742188,181.57766723632812,LONGEST
2c1cbdb1-IMG_3457.JPEG,1,Porca,0.957005500793457,1066.71826171875,605.43505859375,250.03506469726562,229.25376892089844,0.019783146679401398,250.03506469726562,229.25376892089844,N/A
2c1cbdb1-IMG_3457.JPEG,0,Parafuso,0.8846886157989502,1069.557861328125,274.2904968261719,247.0216827392578,652.37109375,1.5674712657928467,652.37109375,247.0216827392578,ONLY_ONE
2c41bc80-IMG_3405.JPEG,1,Porca,0.9607870578765869,1498.6463623046875,757.3380126953125,188.6421356201172,176.5748291015625,0.013639358803629875,188.6421356201172,176.5748291015625,N/A
2c41bc80-IMG_3405.JPEG,1,Porca,0.9574570655822754,452.1634216308594,837.0368041992188,169.26734924316406,161.9193115234375,0.023245839402079582,169.26734924316406,161.9193115234375,N/A
2c41bc80-IMG_3405.JPEG,0,Parafuso,0.937807559967041,1066.638427734375,750.5879516601562,382.2196960449219,180.34716796875,1.5690518617630005,382.2196960449219,180.34716796875,SHORTER
2c41bc80-IMG_3405.JPEG,0,Parafuso,0.9354584813117981,773.2792358398438,781.1426391601562,520.7012939453125,177.98704528808594,1.5221095085144043,520.7012939453125,177.98704528808594,LONGEST
2dbd775b-IMG_3415.JPEG,0,Parafuso,0.9335885643959045,638.7635498046875,933.5359497070312,183.6978302001953,424.0399475097656,1.4853310585021973,424.0399475097656,183.6978302001953,LONGEST
2dbd775b-IMG_3415.JPEG,0,Parafuso,0.9293760061264038,714.5118408203125,1315.5577392578125,317.9499206542969,166.7592010498047,0.009062886238098145,317.9499206542969,166.7592010498047,SHORTER
2dd2c2e0-IMG_3208.JPEG,0,Parafuso,0.9420241117477417,1141.35986328125,935.23779296875,784.1062622070312,233.6973876953125,0.0813751369714737,784.1062622070312,233.6973876953125,LONGEST
2dd2c2e0-IMG_3208.JPEG,0,Parafuso,0.926286518573761,1051.31005859375,558.4541625976562,444.66015625,189.4140625,0.00025653839111328125,444.66015625,189.4140625,SHORTER
2ede817e-IMG_3448.JPEG,0,Parafuso,0.9446839094161987,893.9971923828125,879.7616577148438,144.8556671142578,335.1004333496094,0.20313327014446259,335.1004333496094,144.8556671142578,SHORTER
2ede817e-IMG_3448.JPEG,0,Parafuso,0.9342893958091736,569.09765625,882.2100830078125,138.4000701904297,471.32452392578125,0.3348143398761749,471.32452392578125,138.4000701904297,LONGEST
2eeb259f-IMG_3425.JPEG,1,Porca,0.9509061574935913,962.4352416992188,1090.500244140625,226.43113708496094,206.05418395996094,0.00909246876835823,226.43113708496094,206.05418395996094,N/A
2eeb259f-IMG_3425.JPEG,0,Parafuso,0.9416972398757935,892.7001953125,786.8042602539062,444.0439147949219,208.82701110839844,0.0011110305786132812,444.0439147949219,208.82701110839844,ONLY_ONE
2f961ddc-IMG_3248.JPEG,1,Porca,0.9712368845939636,802.7741088867188,935.1162109375,247.8571014404297,255.76065063476562,0.0034047372173517942,255.76065063476562,247.8571014404297,N/A
2f961ddc-IMG_3248.JPEG,1,Porca,0.87776118516922,1429.7838134765625,970.0656127929688,323.7970275878906,201.7052001953125,1.5703938007354736,323.7970275878906,201.7052001953125,N/A
2feb3dcf-IMG_3443.JPEG,1,Porca,0.9594447612762451,989.7696533203125,1061.26611328125,166.50013732910156,157.43223571777344,0.015876945108175278,166.50013732910156,157.43223571777344,N/A
2feb3dcf-IMG_3443.JPEG,1,Porca,0.9496450424194336,969.5017700195312,617.2968139648438,130.09645080566406,121.8955078125,0.0014601093716919422,130.09645080566406,121.8955078125,N/A
2feb3dcf-IMG_3443.JPEG,0,Parafuso,0.9388576745986938,1220.646728515625,471.7743835449219,279.8288269042969,115.39727020263672,0.0013893842697143555,279.8288269042969,115.39727020263672,SHORTER
2feb3dcf-IMG_3443.JPEG,0,Parafuso,0.9259048104286194,868.5792236328125,400.2245178222656,110.56676483154297,366.39434814453125,0.8288760185241699,366.39434814453125,110.56676483154297,LONGEST
3aa979b8-IMG_3312.JPEG,1,Porca,0.9571130871772766,1299.7938232421875,964.50390625,193.19187927246094,189.53977966308594,0.01479284092783928,193.19187927246094,189.53977966308594,N/A
3aa979b8-IMG_3312.JPEG,1,Porca,0.9456403255462646,948.25732421875,642.9945678710938,234.897216796875,189.08946228027344,0.001880680676549673,234.897216796875,189.08946228027344,N/A
3aa979b8-IMG_3312.JPEG,0,Parafuso,0.9450680017471313,847.5455322265625,1090.9947509765625,515.1986083984375,172.6793670654297,1.2212944030761719,515.1986083984375,172.6793670654297,LONGEST
3aa979b8-IMG_3312.JPEG,0,Parafuso,0.9378427863121033,1546.054443359375,655.79052734375,452.2705993652344,232.53245544433594,0.6798298954963684,452.2705993652344,232.53245544433594,SHORTER
3b7d8e09-IMG_3472.JPG,1,Porca,0.9494640827178955,2046.1385498046875,1309.58154296875,426.97442626953125,355.7419738769531,0.007325919345021248,426.97442626953125,355.7419738769531,N/A
3b7d8e09-IMG_3472.JPG,1,Porca,0.943456768989563,1127.0692138671875,1097.030029296875,297.7315368652344,364.32281494140625,1.5705550909042358,364.32281494140625,297.7315368652344,N/A
3b7d8e09-IMG_3472.JPG,0,Parafuso,0.9348773956298828,1494.9013671875,1112.003173828125,361.3357238769531,828.3869018554688,0.8304740190505981,828.3869018554688,361.3357238769531,SHORTER
3b7d8e09-IMG_3472.JPG,0,Parafuso,0.8985427021980286,2554.841064453125,1446.863525390625,423.3887634277344,1461.913818359375,0.65532386302948,1461.913818359375,423.3887634277344,LONGEST
3b8ef5e4-IMG_3379.JPEG,0,Parafuso,0.9400602579116821,818.1870727539062,507.087646484375,183.86753845214844,491.724609375,0.12414365261793137,491.724609375,183.86753845214844,LONGEST
3b8ef5e4-IMG_3379.JPEG,0,Parafuso,0.9369664192199707,1175.110595703125,426.74493408203125,375.9549865722656,194.17652893066406,1.563132405281067,375.9549865722656,194.17652893066406,SHORTER
3bdc34e9-IMG_3222.JPEG,0,Parafuso,0.9387068152427673,525.1266479492188,305.6784362792969,571.7399291992188,245.31640625,1.5105255842208862,571.7399291992188,245.31640625,SHORTER
3bdc34e9-IMG_3222.JPEG,0,Parafuso,0.8648068904876709,1283.943115234375,1028.1094970703125,906.6162109375,300.74755859375,1.4961929321289062,906.6162109375,300.74755859375,LONGEST
3fc3b6c8-IMG_3395.JPEG,1,Porca,0.9592108726501465,1188.6783447265625,690.7356567382812,184.8462677001953,164.17494201660156,0.01140888873487711,184.8462677001953,164.17494201660156,N/A
3fc3b6c8-IMG_3395.JPEG,0,Parafuso,0.9365429878234863,1187.7890625,392.6110534667969,161.56460571289062,344.30767822265625,1.5582709312438965,344.30767822265625,161.56460571289062,ONLY_ONE
4c67f8b1-IMG_2982.JPEG,1,Porca,0.9446266889572144,583.8563842773438,343.9571838378906,169.3302459716797,166.5900115966797,0.0033872288186103106,169.3302459716797,166.5900115966797,N/A
4c67f8b1-IMG_2982.JPEG,0,Parafuso,0.9420810341835022,545.7406616210938,774.2509765625,492.9377136230469,157.5869598388672,0.1803959161043167,492.9377136230469,157.5869598388672,LONGEST
4c67f8b1-IMG_2982.JPEG,0,Parafuso,0.928587019443512,616.0692138671875,529.8639526367188,174.7075653076172,468.5518493652344,1.233735203742981,468.5518493652344,174.7075653076172,SHORTER
4c67f8b1-IMG_2982.JPEG,0,Parafuso,0.9284417629241943,880.55810546875,151.81361389160156,303.4298400878906,154.19749450683594,1.5490524768829346,303.4298400878906,154.19749450683594,SHORTER
4c67f8b1-IMG_2982.JPEG,1,Porca,0.9265004992485046,1155.8043212890625,593.3864135742188,153.940185546875,171.6549530029297,0.015658045187592506,171.6549530029297,153.940185546875,N/A
4c67f8b1-IMG_2982.JPEG,1,Porca,0.9238513112068176,1095.5360107421875,256.691162109375,180.24278259277344,167.7720489501953,0.006598907522857189,180.24278259277344,167.7720489501953,N/A
4c67f8b1-IMG_2982.JPEG,0,Parafuso,0.9191234111785889,1073.466796875,704.70703125,464.0775451660156,144.20985412597656,1.021011471748352,464.0775451660156,144.20985412597656,SHORTER
4c67f8b1-IMG_2982.JPEG,1,Porca,0.9091272354125977,719.748291015625,945.4071655273438,208.25918579101562,157.334228515625,0.0010511475848034024,208.25918579101562,157.334228515625,N/A
4c67f8b1-IMG_2982.JPEG,1,Porca,0.8965616226196289,744.6986694335938,1093.8038330078125,162.1627197265625,202.99282836914062,1.5667755603790283,202.99282836914062,162.1627197265625,N/A
4cb48896-IMG_3468.JPEG,1,Porca,0.9579853415489197,945.0914916992188,889.7735595703125,223.39712524414062,211.18138122558594,0.01473572850227356,223.39712524414062,211.18138122558594,N/A
4cb48896-IMG_3468.JPEG,0,Parafuso,0.9415900707244873,1347.4635009765625,779.6901245117188,506.0078125,216.92138671875,1.4859641790390015,506.0078125,216.92138671875,ONLY_ONE
4cf20f45-IMG_3310.JPEG,1,Porca,0.959740936756134,872.5592651367188,980.6611328125,227.10130310058594,224.8805694580078,0.014279017224907875,227.10130310058594,224.8805694580078,N/A
4cf20f45-IMG_3310.JPEG,0,Parafuso,0.948651134967804,1345.2601318359375,1005.2080078125,226.826171875,493.8119812011719,0.1805299073457718,493.8119812011719,226.826171875,SHORTER
4cf20f45-IMG_3310.JPEG,1,Porca,0.9417692422866821,1134.2470703125,469.673095703125,169.397216796875,201.0670166015625,0.003720914712175727,201.0670166015625,169.397216796875,N/A
4cf20f45-IMG_3310.JPEG,0,Parafuso,0.9237578511238098,521.3236083984375,573.4570922851562,217.2808074951172,639.6422119140625,1.0930354595184326,639.6422119140625,217.2808074951172,LONGEST
4d3131ef-IMG_3254.JPEG,1,Porca,0.947099506855011,610.52783203125,518.4494018554688,241.43887329101562,300.68743896484375,0.036502543836832047,300.68743896484375,241.43887329101562,N/A
4d3131ef-IMG_3254.JPEG,1,Porca,0.9342450499534607,1200.1201171875,893.9104614257812,377.926025390625,291.87261962890625,0.008786122314631939,377.926025390625,291.87261962890625,N/A
4ed78dfa-IMG_3426.JPEG,1,Porca,0.9593150019645691,601.0724487304688,1154.4217529296875,172.91465759277344,178.72557067871094,0.013934751972556114,178.72557067871094,172.91465759277344,N/A
4ed78dfa-IMG_3426.JPEG,0,Parafuso,0.9355150461196899,562.2964477539062,825.0299072265625,182.2512664794922,391.3883972167969,1.501348853111267,391.3883972167969,182.2512664794922,ONLY_ONE
4f133563-IMG_3260.JPEG,0,Parafuso,0.9386071562767029,509.0323181152344,641.6151733398438,329.1573181152344,660.8421630859375,0.31493401527404785,660.8421630859375,329.1573181152344,SHORTER
4f133563-IMG_3260.JPEG,0,Parafuso,0.9066572785377502,711.2251586914062,1220.9803466796875,276.3228454589844,898.7711791992188,1.1619524955749512,898.7711791992188,276.3228454589844,LONGEST
5a1ff7d5-IMG_3242.JPEG,1,Porca,0.9731441736221313,1200.08837890625,1100.7996826171875,273.4423522949219,286.54461669921875,0.030267471447587013,286.54461669921875,273.4423522949219,N/A
5a1ff7d5-IMG_3242.JPEG,1,Porca,0.966887891292572,913.7977905273438,504.66461181640625,318.68450927734375,325.3659362792969,0.006060928106307983,325.3659362792969,318.68450927734375,N/A
5a651f8e-IMG_3484.JPEG,1,Porca,0.9515010118484497,903.451171875,964.1793212890625,121.6528549194336,124.02392578125,0.02737693302333355,124.02392578125,121.6528549194336,N/A
5a651f8e-IMG_3484.JPEG,1,Porca,0.9495422840118408,463.4394226074219,884.6135864257812,114.65472412109375,117.3908920288086,0.04134351760149002,117.3908920288086,114.65472412109375,N/A
5a651f8e-IMG_3484.JPEG,0,Parafuso,0.9354985356330872,635.8484497070312,903.9940795898438,103.54338836669922,263.6439208984375,0.1173887625336647,263.6439208984375,103.54338836669922,SHORTER
5a651f8e-IMG_3484.JPEG,0,Parafuso,0.9279192686080933,1110.5291748046875,972.4337768554688,387.656982421875,109.17927551269531,1.4541823863983154,387.656982421875,109.17927551269531,LONGEST
5b1e3cfb-IMG_3006.JPEG,1,Porca,0.9558661580085754,1153.0740966796875,631.5184936523438,260.68328857421875,261.9521179199219,0.011506916023790836,261.9521179199219,260.68328857421875,N/A
5b1e3cfb-IMG_3006.JPEG,1,Porca,0.927791178226471,1790.939697265625,375.9615173339844,128.82577514648438,193.7446746826172,1.56918203830719,193.7446746826172,128.82577514648438,N/A
5b1e3cfb-IMG_3006.JPEG,0,Parafuso,0.9185811281204224,955.7341918945312,267.2483825683594,518.7731323242188,162.5529022216797,0.08646056801080704,518.7731323242188,162.5529022216797,LONGEST
5b1e3cfb-IMG_3006.JPEG,0,Parafuso,0.8939443230628967,987.7644653320312,507.1333923339844,188.0771026611328,437.4621276855469,1.11124587059021,437.4621276855469,188.0771026611328,SHORTER
5b1e3cfb-IMG_3006.JPEG,0,Parafuso,0.8551939725875854,1543.093994140625,193.09915161132812,139.3568572998047,181.6037139892578,0.08440424501895905,181.6037139892578,139.3568572998047,SHORTER
5b1e3cfb-IMG_3006.JPEG,1,Porca,0.8302125334739685,1087.3314208984375,361.2206726074219,133.42691040039062,195.4960174560547,1.565284013748169,195.4960174560547,133.42691040039062,N/A
5b1e3cfb-IMG_3006.JPEG,1,Porca,0.7733478546142578,748.5681762695312,525.6533813476562,151.81564331054688,145.39869689941406,1.5641651153564453,151.81564331054688,145.39869689941406,N/A
5b1e3cfb-IMG_3006.JPEG,1,Porca,0.7345303297042847,768.6919555664062,98.89556121826172,86.53659057617188,139.0756378173828,1.5610398054122925,139.0756378173828,86.53659057617188,N/A
5e02c860-IMG_2989.JPEG,1,Porca,0.9472088813781738,1166.9295654296875,1479.4359130859375,136.62913513183594,142.20433044433594,0.032050687819719315,142.20433044433594,136.62913513183594,N/A
5e02c860-IMG_2989.JPEG,0,Parafuso,0.9452950954437256,429.99853515625,1415.406982421875,376.55096435546875,148.61978149414062,1.564296841621399,376.55096435546875,148.61978149414062,SHORTER
5e02c860-IMG_2989.JPEG,1,Porca,0.9366082549095154,268.5513610839844,1050.3157958984375,134.3812255859375,131.70396423339844,0.02298855222761631,134.3812255859375,131.70396423339844,N/A
5e02c860-IMG_2989.JPEG,1,Porca,0.9279288649559021,795.10595703125,619.177978515625,132.71072387695312,144.72776794433594,0.033808059990406036,144.72776794433594,132.71072387695312,N/A
5e02c860-IMG_2989.JPEG,0,Parafuso,0.9234463572502136,857.2510986328125,1169.5986328125,384.113525390625,135.794677734375,1.1126532554626465,384.113525390625,135.794677734375,SHORTER
5e02c860-IMG_2989.JPEG,1,Porca,0.9223294258117676,699.3512573242188,876.6929931640625,152.37562561035156,132.98989868164062,0.017249325290322304,152.37562561035156,132.98989868164062,N/A
5e02c860-IMG_2989.JPEG,1,Porca,0.9123745560646057,571.6466064453125,517.5884399414062,129.7814483642578,114.0363998413086,0.016681479290127754,129.7814483642578,114.0363998413086,N/A
5e02c860-IMG_2989.JPEG,0,Parafuso,0.9082868099212646,679.3851318359375,633.975341796875,116.31734466552734,294.5064697265625,0.1513516902923584,294.5064697265625,116.31734466552734,SHORTER
5e02c860-IMG_2989.JPEG,0,Parafuso,0.9078624248504639,800.1124877929688,963.1798095703125,124.03132629394531,389.73583984375,1.538949966430664,389.73583984375,124.03132629394531,LONGEST
5e1dbf8c-IMG_3327.JPEG,1,Porca,0.9484859704971313,1369.9197998046875,457.0647888183594,212.59011840820312,189.6464385986328,0.015345239080488682,212.59011840820312,189.6464385986328,N/A
5e1dbf8c-IMG_3327.JPEG,0,Parafuso,0.9167478084564209,1546.0985107421875,765.6547241210938,262.68756103515625,640.1417846679688,1.515410304069519,640.1417846679688,262.68756103515625,SHORTER
5e1dbf8c-IMG_3327.JPEG,0,Parafuso,0.9046837687492371,760.7166748046875,509.95953369140625,261.9101867675781,743.7929077148438,1.4150171279907227,743.7929077148438,261.9101867675781,LONGEST
5e4a73e6-IMG_3003.JPEG,1,Porca,0.9606606364250183,1158.8333740234375,758.2699584960938,150.7894744873047,152.147216796875,0.040759846568107605,152.147216796875,150.7894744873047,N/A
5e4a73e6-IMG_3003.JPEG,1,Porca,0.9528110027313232,905.646484375,633.8156127929688,153.12559509277344,139.911865234375,0.032400477677583694,153.12559509277344,139.911865234375,N/A
5e4a73e6-IMG_3003.JPEG,0,Parafuso,0.9252052903175354,1446.41552734375,331.2815856933594,111.55974578857422,194.7623291015625,0.09934014827013016,194.7623291015625,111.55974578857422,SHORTER
5e4a73e6-IMG_3003.JPEG,1,Porca,0.9165118932723999,1102.7132568359375,504.5997009277344,137.91697692871094,122.0010757446289,0.01170999277383089,137.91697692871094,122.0010757446289,N/A
5e4a73e6-IMG_3003.JPEG,1,Porca,0.9133857488632202,1600.6519775390625,545.4862670898438,113.2874526977539,140.1451416015625,1.5694422721862793,140.1451416015625,113.2874526977539,N/A
5e4a73e6-IMG_3003.JPEG,0,Parafuso,0.9125034809112549,1053.87451171875,650.661376953125,133.69908142089844,282.210693359375,0.9615612626075745,282.210693359375,133.69908142089844,SHORTER
5e4a73e6-IMG_3003.JPEG,1,Porca,0.9037654399871826,844.4766845703125,161.80526733398438,118.2757339477539,91.29019927978516,0.007412243168801069,118.2757339477539,91.29019927978516,N/A
5e4a73e6-IMG_3003.JPEG,0,Parafuso,0.8982981443405151,1016.8804931640625,400.8196716308594,403.1741638183594,128.0330810546875,0.26181796193122864,403.1741638183594,128.0330810546875,LONGEST
5e4a73e6-IMG_3003.JPEG,0,Parafuso,0.8723571300506592,1019.1716918945312,304.5557556152344,228.91136169433594,112.8933334350586,1.1202434301376343,228.91136169433594,112.8933334350586,SHORTER
5e63df8f-IMG_3345.JPEG,1,Porca,0.948458731174469,1175.84814453125,692.112548828125,231.75650024414062,186.85093688964844,0.004266571253538132,231.75650024414062,186.85093688964844,N/A
5e63df8f-IMG_3345.JPEG,0,Parafuso,0.9368765354156494,496.5188903808594,799.010986328125,240.84239196777344,521.558837890625,0.3628876805305481,521.558837890625,240.84239196777344,LONGEST
5e63df8f-IMG_3345.JPEG,0,Parafuso,0.9355210661888123,891.7847900390625,494.3195495605469,399.25958251953125,197.72557067871094,0.498656302690506,399.25958251953125,197.72557067871094,SHORTER
5e63df8f-IMG_3345.JPEG,1,Porca,0.913307785987854,469.5096130371094,503.78076171875,188.08969116210938,99.87934875488281,1.561589002609253,188.08969116210938,99.87934875488281,N/A
5fc3157f-IMG_3482.JPEG,1,Porca,0.9556419849395752,765.1478881835938,975.0319213867188,247.18215942382812,229.8975067138672,0.018651386722922325,247.18215942382812,229.8975067138672,N/A
5fc3157f-IMG_3482.JPEG,1,Porca,0.9125996828079224,873.8341674804688,524.9169921875,165.42068481445312,119.2193832397461,0.00759640708565712,165.42068481445312,119.2193832397461,N/A
5fc3157f-IMG_3482.JPEG,0,Parafuso,0.8762103319168091,849.8073120117188,643.2887573242188,450.863525390625,177.42794799804688,0.13906943798065186,450.863525390625,177.42794799804688,ONLY_ONE
6a6e14da-IMG_3314.JPEG,1,Porca,0.9571473598480225,684.3932495117188,1312.0250244140625,184.1262664794922,195.55349731445312,0.007444638293236494,195.55349731445312,184.1262664794922,N/A
6a6e14da-IMG_3314.JPEG,1,Porca,0.9567770957946777,564.6611938476562,456.4058532714844,168.3461151123047,164.39317321777344,0.010377215221524239,168.3461151123047,164.39317321777344,N/A
6a6e14da-IMG_3314.JPEG,0,Parafuso,0.9414677023887634,376.20977783203125,962.9745483398438,194.82664489746094,399.1318054199219,0.40781137347221375,399.1318054199219,194.82664489746094,SHORTER
6a6e14da-IMG_3314.JPEG,0,Parafuso,0.9369175434112549,944.8349609375,739.136962890625,528.7167358398438,209.5531768798828,0.5593863725662231,528.7167358398438,209.5531768798828,LONGEST
6ab6a189-IMG_3355.JPEG,1,Porca,0.955951452255249,589.8008422851562,964.0299072265625,241.4564971923828,228.9079132080078,0.004794813692569733,241.4564971923828,228.9079132080078,N/A
6ab6a189-IMG_3355.JPEG,1,Porca,0.9530500173568726,815.7091674804688,510.7455749511719,207.3105010986328,179.14964294433594,0.0036036004312336445,207.3105010986328,179.14964294433594,N/A
6ab6a189-IMG_3355.JPEG,0,Parafuso,0.9351215362548828,443.4459533691406,677.6939697265625,216.6000518798828,450.1988220214844,1.0886403322219849,450.1988220214844,216.6000518798828,SHORTER
6ab6a189-IMG_3355.JPEG,0,Parafuso,0.9093108177185059,703.1743774414062,1641.384033203125,996.2525634765625,365.5287170410156,0.5517816543579102,996.2525634765625,365.5287170410156,LONGEST
6bfa86c5-IMG_3213.JPEG,0,Parafuso,0.9433708190917969,820.9132080078125,1040.6361083984375,566.9334106445312,188.1392822265625,0.11482994258403778,566.9334106445312,188.1392822265625,LONGEST
6bfa86c5-IMG_3213.JPEG,0,Parafuso,0.9281154274940491,774.77294921875,725.9674072265625,184.5510711669922,394.39013671875,1.5127533674240112,394.39013671875,184.5510711669922,SHORTER
